2026-03-25 20:36:52,639 | INFO | django.utils.autoreload | Watching for file changes with StatReloader
2026-03-25 20:44:43,514 | INFO | django.utils.autoreload | C:\Users\HP\Documents\tito\projects\simba\backend\wallet\models.py changed, reloading.
2026-03-25 20:44:47,528 | INFO | django.utils.autoreload | Watching for file changes with StatReloader
2026-03-25 20:50:17,195 | INFO | django.utils.autoreload | C:\Users\HP\Documents\tito\projects\simba\backend\pets\models.py changed, reloading.
2026-03-25 20:50:20,686 | INFO | django.utils.autoreload | Watching for file changes with StatReloader
2026-03-25 20:50:23,483 | INFO | django.utils.autoreload | C:\Users\HP\Documents\tito\projects\simba\backend\pets\models.py changed, reloading.
2026-03-25 20:50:26,152 | INFO | django.utils.autoreload | Watching for file changes with StatReloader
2026-03-25 20:50:39,269 | INFO | django.utils.autoreload | C:\Users\HP\Documents\tito\projects\simba\backend\chat\models.py changed, reloading.
2026-03-25 20:50:40,677 | INFO | django.utils.autoreload | Watching for file changes with StatReloader
2026-03-25 20:51:11,112 | INFO | django.utils.autoreload | C:\Users\HP\Documents\tito\projects\simba\backend\core\models.py changed, reloading.
2026-03-25 20:51:13,624 | INFO | django.utils.autoreload | Watching for file changes with StatReloader
2026-03-25 20:51:52,384 | INFO | django.utils.autoreload | C:\Users\HP\Documents\tito\projects\simba\backend\chat\models.py changed, reloading.
2026-03-25 20:51:53,961 | INFO | django.utils.autoreload | Watching for file changes with StatReloader
2026-03-25 20:56:21,994 | INFO | django.utils.autoreload | C:\Users\HP\Documents\tito\projects\simba\backend\chat\models.py changed, reloading.
2026-03-25 20:56:25,408 | INFO | django.utils.autoreload | Watching for file changes with StatReloader
2026-03-25 21:11:22,106 | INFO | django.utils.autoreload | Watching for file changes with StatReloader
2026-03-25 21:12:21,947 | INFO | django.utils.autoreload | Watching for file changes with StatReloader
2026-03-25 21:13:38,895 | INFO | django.utils.autoreload | Watching for file changes with StatReloader
2026-03-25 21:14:19,924 | ERROR | django.security.DisallowedHost | Invalid HTTP_HOST header: '127.0.0.1:8000'. You may need to add '127.0.0.1' to ALLOWED_HOSTS.
Traceback (most recent call last):
  File "C:\Users\HP\Documents\tito\projects\simba\backend\venv\Lib\site-packages\django\core\handlers\exception.py", line 55, in inner
    response = get_response(request)
               ^^^^^^^^^^^^^^^^^^^^^
  File "C:\Users\HP\Documents\tito\projects\simba\backend\venv\Lib\site-packages\django\utils\deprecation.py", line 308, in __call__
    response = self.process_request(request)
               ^^^^^^^^^^^^^^^^^^^^^^^^^^^^^
  File "C:\Users\HP\Documents\tito\projects\simba\backend\venv\Lib\site-packages\django\middleware\common.py", line 48, in process_request
    host = request.get_host()
           ^^^^^^^^^^^^^^^^^^
  File "C:\Users\HP\Documents\tito\projects\simba\backend\venv\Lib\site-packages\django\http\request.py", line 205, in get_host
    raise DisallowedHost(msg)
django.core.exceptions.DisallowedHost: Invalid HTTP_HOST header: '127.0.0.1:8000'. You may need to add '127.0.0.1' to ALLOWED_HOSTS.
2026-03-25 21:14:21,615 | ERROR | django.security.DisallowedHost | Invalid HTTP_HOST header: '127.0.0.1:8000'. You may need to add '127.0.0.1' to ALLOWED_HOSTS.
Traceback (most recent call last):
  File "C:\Users\HP\Documents\tito\projects\simba\backend\venv\Lib\site-packages\django\core\handlers\exception.py", line 55, in inner
    response = get_response(request)
               ^^^^^^^^^^^^^^^^^^^^^
  File "C:\Users\HP\Documents\tito\projects\simba\backend\venv\Lib\site-packages\django\utils\deprecation.py", line 308, in __call__
    response = self.process_request(request)
               ^^^^^^^^^^^^^^^^^^^^^^^^^^^^^
  File "C:\Users\HP\Documents\tito\projects\simba\backend\venv\Lib\site-packages\django\middleware\common.py", line 48, in process_request
    host = request.get_host()
           ^^^^^^^^^^^^^^^^^^
  File "C:\Users\HP\Documents\tito\projects\simba\backend\venv\Lib\site-packages\django\http\request.py", line 205, in get_host
    raise DisallowedHost(msg)
django.core.exceptions.DisallowedHost: Invalid HTTP_HOST header: '127.0.0.1:8000'. You may need to add '127.0.0.1' to ALLOWED_HOSTS.
2026-03-25 21:14:22,994 | ERROR | django.security.DisallowedHost | Invalid HTTP_HOST header: '127.0.0.1:8000'. You may need to add '127.0.0.1' to ALLOWED_HOSTS.
Traceback (most recent call last):
  File "C:\Users\HP\Documents\tito\projects\simba\backend\venv\Lib\site-packages\django\core\handlers\exception.py", line 55, in inner
    response = get_response(request)
               ^^^^^^^^^^^^^^^^^^^^^
  File "C:\Users\HP\Documents\tito\projects\simba\backend\venv\Lib\site-packages\django\utils\deprecation.py", line 308, in __call__
    response = self.process_request(request)
               ^^^^^^^^^^^^^^^^^^^^^^^^^^^^^
  File "C:\Users\HP\Documents\tito\projects\simba\backend\venv\Lib\site-packages\django\middleware\common.py", line 48, in process_request
    host = request.get_host()
           ^^^^^^^^^^^^^^^^^^
  File "C:\Users\HP\Documents\tito\projects\simba\backend\venv\Lib\site-packages\django\http\request.py", line 205, in get_host
    raise DisallowedHost(msg)
django.core.exceptions.DisallowedHost: Invalid HTTP_HOST header: '127.0.0.1:8000'. You may need to add '127.0.0.1' to ALLOWED_HOSTS.
2026-03-25 21:14:23,310 | ERROR | django.security.DisallowedHost | Invalid HTTP_HOST header: '127.0.0.1:8000'. You may need to add '127.0.0.1' to ALLOWED_HOSTS.
Traceback (most recent call last):
  File "C:\Users\HP\Documents\tito\projects\simba\backend\venv\Lib\site-packages\django\core\handlers\exception.py", line 55, in inner
    response = get_response(request)
               ^^^^^^^^^^^^^^^^^^^^^
  File "C:\Users\HP\Documents\tito\projects\simba\backend\venv\Lib\site-packages\django\utils\deprecation.py", line 308, in __call__
    response = self.process_request(request)
               ^^^^^^^^^^^^^^^^^^^^^^^^^^^^^
  File "C:\Users\HP\Documents\tito\projects\simba\backend\venv\Lib\site-packages\django\middleware\common.py", line 48, in process_request
    host = request.get_host()
           ^^^^^^^^^^^^^^^^^^
  File "C:\Users\HP\Documents\tito\projects\simba\backend\venv\Lib\site-packages\django\http\request.py", line 205, in get_host
    raise DisallowedHost(msg)
django.core.exceptions.DisallowedHost: Invalid HTTP_HOST header: '127.0.0.1:8000'. You may need to add '127.0.0.1' to ALLOWED_HOSTS.
2026-03-25 21:17:07,475 | INFO | django.utils.autoreload | C:\Users\HP\Documents\tito\projects\simba\backend\simba\urls.py changed, reloading.
2026-03-25 21:17:10,140 | INFO | django.utils.autoreload | Watching for file changes with StatReloader
2026-03-25 21:18:09,266 | INFO | django.utils.autoreload | Watching for file changes with StatReloader
2026-03-25 21:19:09,258 | INFO | django.utils.autoreload | Watching for file changes with StatReloader
2026-03-26 09:12:13,104 | INFO | django.utils.autoreload | Watching for file changes with StatReloader
2026-03-26 09:12:46,967 | ERROR | simba.exceptions | Exception in custom exception Authentication credentials were not provided., 401
2026-03-26 09:13:25,655 | ERROR | simba.exceptions | Exception in custom exception Authentication credentials were not provided., 401
2026-03-26 09:14:01,603 | WARNING | drf_yasg.inspectors.base | view's PetViewSet.get_queryset raised exception during schema generation; use `getattr(self, 'swagger_fake_view', False)` to detect and short-circuit this
Traceback (most recent call last):
  File "C:\Users\HP\Documents\tito\projects\simba\backend\venv\Lib\site-packages\django\db\models\fields\__init__.py", line 2128, in get_prep_value
    return int(value)
           ^^^^^^^^^^
  File "C:\Users\HP\Documents\tito\projects\simba\backend\venv\Lib\site-packages\django\contrib\auth\models.py", line 549, in __int__
    raise TypeError(
TypeError: Cannot cast AnonymousUser to int. Are you trying to use it in place of User?

The above exception was the direct cause of the following exception:

Traceback (most recent call last):
  File "C:\Users\HP\Documents\tito\projects\simba\backend\venv\Lib\site-packages\drf_yasg\inspectors\base.py", line 48, in call_view_method
    return view_method()
           ^^^^^^^^^^^^^
  File "C:\Users\HP\Documents\tito\projects\simba\backend\pets\views.py", line 10, in get_queryset
    return Pet.objects.filter(owner=self.request.user)
           ^^^^^^^^^^^^^^^^^^^^^^^^^^^^^^^^^^^^^^^^^^^
  File "C:\Users\HP\Documents\tito\projects\simba\backend\venv\Lib\site-packages\django\db\models\manager.py", line 87, in manager_method
    return getattr(self.get_queryset(), name)(*args, **kwargs)
           ^^^^^^^^^^^^^^^^^^^^^^^^^^^^^^^^^^^^^^^^^^^^^^^^^^^
  File "C:\Users\HP\Documents\tito\projects\simba\backend\venv\Lib\site-packages\django\db\models\query.py", line 1542, in filter
    return self._filter_or_exclude(False, args, kwargs)
           ^^^^^^^^^^^^^^^^^^^^^^^^^^^^^^^^^^^^^^^^^^^^
  File "C:\Users\HP\Documents\tito\projects\simba\backend\venv\Lib\site-packages\django\db\models\query.py", line 1560, in _filter_or_exclude
    clone._filter_or_exclude_inplace(negate, args, kwargs)
  File "C:\Users\HP\Documents\tito\projects\simba\backend\venv\Lib\site-packages\django\db\models\query.py", line 1570, in _filter_or_exclude_inplace
    self._query.add_q(Q(*args, **kwargs))
  File "C:\Users\HP\Documents\tito\projects\simba\backend\venv\Lib\site-packages\django\db\models\sql\query.py", line 1676, in add_q
    clause, _ = self._add_q(q_object, can_reuse)
                ^^^^^^^^^^^^^^^^^^^^^^^^^^^^^^^^
  File "C:\Users\HP\Documents\tito\projects\simba\backend\venv\Lib\site-packages\django\db\models\sql\query.py", line 1708, in _add_q
    child_clause, needed_inner = self.build_filter(
                                 ^^^^^^^^^^^^^^^^^^
  File "C:\Users\HP\Documents\tito\projects\simba\backend\venv\Lib\site-packages\django\db\models\sql\query.py", line 1618, in build_filter
    condition = self.build_lookup(lookups, col, value)
                ^^^^^^^^^^^^^^^^^^^^^^^^^^^^^^^^^^^^^^
  File "C:\Users\HP\Documents\tito\projects\simba\backend\venv\Lib\site-packages\django\db\models\sql\query.py", line 1445, in build_lookup
    lookup = lookup_class(lhs, rhs)
             ^^^^^^^^^^^^^^^^^^^^^^
  File "C:\Users\HP\Documents\tito\projects\simba\backend\venv\Lib\site-packages\django\db\models\lookups.py", line 35, in __init__
    self.rhs = self.get_prep_lookup()
               ^^^^^^^^^^^^^^^^^^^^^^
  File "C:\Users\HP\Documents\tito\projects\simba\backend\venv\Lib\site-packages\django\db\models\fields\related_lookups.py", line 113, in get_prep_lookup
    self.rhs = target_field.get_prep_value(self.rhs)
               ^^^^^^^^^^^^^^^^^^^^^^^^^^^^^^^^^^^^^
  File "C:\Users\HP\Documents\tito\projects\simba\backend\venv\Lib\site-packages\django\db\models\fields\__init__.py", line 2130, in get_prep_value
    raise e.__class__(
TypeError: Field 'id' expected a number but got <django.contrib.auth.models.AnonymousUser object at 0x00000221AB7CA5D0>.
2026-03-26 09:14:01,790 | WARNING | drf_yasg.inspectors.base | view's VaccinationRecordViewSet.get_queryset raised exception during schema generation; use `getattr(self, 'swagger_fake_view', False)` to detect and short-circuit this
Traceback (most recent call last):
  File "C:\Users\HP\Documents\tito\projects\simba\backend\venv\Lib\site-packages\django\db\models\fields\__init__.py", line 2128, in get_prep_value
    return int(value)
           ^^^^^^^^^^
  File "C:\Users\HP\Documents\tito\projects\simba\backend\venv\Lib\site-packages\django\contrib\auth\models.py", line 549, in __int__
    raise TypeError(
TypeError: Cannot cast AnonymousUser to int. Are you trying to use it in place of User?

The above exception was the direct cause of the following exception:

Traceback (most recent call last):
  File "C:\Users\HP\Documents\tito\projects\simba\backend\venv\Lib\site-packages\drf_yasg\inspectors\base.py", line 48, in call_view_method
    return view_method()
           ^^^^^^^^^^^^^
  File "C:\Users\HP\Documents\tito\projects\simba\backend\pets\views.py", line 20, in get_queryset
    return VaccinationRecord.objects.filter(pet__owner=self.request.user)
           ^^^^^^^^^^^^^^^^^^^^^^^^^^^^^^^^^^^^^^^^^^^^^^^^^^^^^^^^^^^^^^
  File "C:\Users\HP\Documents\tito\projects\simba\backend\venv\Lib\site-packages\django\db\models\manager.py", line 87, in manager_method
    return getattr(self.get_queryset(), name)(*args, **kwargs)
           ^^^^^^^^^^^^^^^^^^^^^^^^^^^^^^^^^^^^^^^^^^^^^^^^^^^
  File "C:\Users\HP\Documents\tito\projects\simba\backend\venv\Lib\site-packages\django\db\models\query.py", line 1542, in filter
    return self._filter_or_exclude(False, args, kwargs)
           ^^^^^^^^^^^^^^^^^^^^^^^^^^^^^^^^^^^^^^^^^^^^
  File "C:\Users\HP\Documents\tito\projects\simba\backend\venv\Lib\site-packages\django\db\models\query.py", line 1560, in _filter_or_exclude
    clone._filter_or_exclude_inplace(negate, args, kwargs)
  File "C:\Users\HP\Documents\tito\projects\simba\backend\venv\Lib\site-packages\django\db\models\query.py", line 1570, in _filter_or_exclude_inplace
    self._query.add_q(Q(*args, **kwargs))
  File "C:\Users\HP\Documents\tito\projects\simba\backend\venv\Lib\site-packages\django\db\models\sql\query.py", line 1676, in add_q
    clause, _ = self._add_q(q_object, can_reuse)
                ^^^^^^^^^^^^^^^^^^^^^^^^^^^^^^^^
  File "C:\Users\HP\Documents\tito\projects\simba\backend\venv\Lib\site-packages\django\db\models\sql\query.py", line 1708, in _add_q
    child_clause, needed_inner = self.build_filter(
                                 ^^^^^^^^^^^^^^^^^^
  File "C:\Users\HP\Documents\tito\projects\simba\backend\venv\Lib\site-packages\django\db\models\sql\query.py", line 1618, in build_filter
    condition = self.build_lookup(lookups, col, value)
                ^^^^^^^^^^^^^^^^^^^^^^^^^^^^^^^^^^^^^^
  File "C:\Users\HP\Documents\tito\projects\simba\backend\venv\Lib\site-packages\django\db\models\sql\query.py", line 1445, in build_lookup
    lookup = lookup_class(lhs, rhs)
             ^^^^^^^^^^^^^^^^^^^^^^
  File "C:\Users\HP\Documents\tito\projects\simba\backend\venv\Lib\site-packages\django\db\models\lookups.py", line 35, in __init__
    self.rhs = self.get_prep_lookup()
               ^^^^^^^^^^^^^^^^^^^^^^
  File "C:\Users\HP\Documents\tito\projects\simba\backend\venv\Lib\site-packages\django\db\models\fields\related_lookups.py", line 113, in get_prep_lookup
    self.rhs = target_field.get_prep_value(self.rhs)
               ^^^^^^^^^^^^^^^^^^^^^^^^^^^^^^^^^^^^^
  File "C:\Users\HP\Documents\tito\projects\simba\backend\venv\Lib\site-packages\django\db\models\fields\__init__.py", line 2130, in get_prep_value
    raise e.__class__(
TypeError: Field 'id' expected a number but got <django.contrib.auth.models.AnonymousUser object at 0x00000221AB7CA5D0>.
2026-03-26 09:14:01,808 | WARNING | drf_yasg.inspectors.base | view's UserPlanViewSet.get_queryset raised exception during schema generation; use `getattr(self, 'swagger_fake_view', False)` to detect and short-circuit this
Traceback (most recent call last):
  File "C:\Users\HP\Documents\tito\projects\simba\backend\venv\Lib\site-packages\django\db\models\fields\__init__.py", line 2128, in get_prep_value
    return int(value)
           ^^^^^^^^^^
  File "C:\Users\HP\Documents\tito\projects\simba\backend\venv\Lib\site-packages\django\contrib\auth\models.py", line 549, in __int__
    raise TypeError(
TypeError: Cannot cast AnonymousUser to int. Are you trying to use it in place of User?

The above exception was the direct cause of the following exception:

Traceback (most recent call last):
  File "C:\Users\HP\Documents\tito\projects\simba\backend\venv\Lib\site-packages\drf_yasg\inspectors\base.py", line 48, in call_view_method
    return view_method()
           ^^^^^^^^^^^^^
  File "C:\Users\HP\Documents\tito\projects\simba\backend\core\views.py", line 10, in get_queryset
    return UserPlan.objects.filter(user=self.request.user)
           ^^^^^^^^^^^^^^^^^^^^^^^^^^^^^^^^^^^^^^^^^^^^^^^
  File "C:\Users\HP\Documents\tito\projects\simba\backend\venv\Lib\site-packages\django\db\models\manager.py", line 87, in manager_method
    return getattr(self.get_queryset(), name)(*args, **kwargs)
           ^^^^^^^^^^^^^^^^^^^^^^^^^^^^^^^^^^^^^^^^^^^^^^^^^^^
  File "C:\Users\HP\Documents\tito\projects\simba\backend\venv\Lib\site-packages\django\db\models\query.py", line 1542, in filter
    return self._filter_or_exclude(False, args, kwargs)
           ^^^^^^^^^^^^^^^^^^^^^^^^^^^^^^^^^^^^^^^^^^^^
  File "C:\Users\HP\Documents\tito\projects\simba\backend\venv\Lib\site-packages\django\db\models\query.py", line 1560, in _filter_or_exclude
    clone._filter_or_exclude_inplace(negate, args, kwargs)
  File "C:\Users\HP\Documents\tito\projects\simba\backend\venv\Lib\site-packages\django\db\models\query.py", line 1570, in _filter_or_exclude_inplace
    self._query.add_q(Q(*args, **kwargs))
  File "C:\Users\HP\Documents\tito\projects\simba\backend\venv\Lib\site-packages\django\db\models\sql\query.py", line 1676, in add_q
    clause, _ = self._add_q(q_object, can_reuse)
                ^^^^^^^^^^^^^^^^^^^^^^^^^^^^^^^^
  File "C:\Users\HP\Documents\tito\projects\simba\backend\venv\Lib\site-packages\django\db\models\sql\query.py", line 1708, in _add_q
    child_clause, needed_inner = self.build_filter(
                                 ^^^^^^^^^^^^^^^^^^
  File "C:\Users\HP\Documents\tito\projects\simba\backend\venv\Lib\site-packages\django\db\models\sql\query.py", line 1618, in build_filter
    condition = self.build_lookup(lookups, col, value)
                ^^^^^^^^^^^^^^^^^^^^^^^^^^^^^^^^^^^^^^
  File "C:\Users\HP\Documents\tito\projects\simba\backend\venv\Lib\site-packages\django\db\models\sql\query.py", line 1445, in build_lookup
    lookup = lookup_class(lhs, rhs)
             ^^^^^^^^^^^^^^^^^^^^^^
  File "C:\Users\HP\Documents\tito\projects\simba\backend\venv\Lib\site-packages\django\db\models\lookups.py", line 35, in __init__
    self.rhs = self.get_prep_lookup()
               ^^^^^^^^^^^^^^^^^^^^^^
  File "C:\Users\HP\Documents\tito\projects\simba\backend\venv\Lib\site-packages\django\db\models\fields\related_lookups.py", line 113, in get_prep_lookup
    self.rhs = target_field.get_prep_value(self.rhs)
               ^^^^^^^^^^^^^^^^^^^^^^^^^^^^^^^^^^^^^
  File "C:\Users\HP\Documents\tito\projects\simba\backend\venv\Lib\site-packages\django\db\models\fields\__init__.py", line 2130, in get_prep_value
    raise e.__class__(
TypeError: Field 'id' expected a number but got <django.contrib.auth.models.AnonymousUser object at 0x00000221AB7CA5D0>.
2026-03-26 09:14:01,813 | WARNING | drf_yasg.inspectors.base | view's PetViewSet.get_queryset raised exception during schema generation; use `getattr(self, 'swagger_fake_view', False)` to detect and short-circuit this
Traceback (most recent call last):
  File "C:\Users\HP\Documents\tito\projects\simba\backend\venv\Lib\site-packages\django\db\models\fields\__init__.py", line 2128, in get_prep_value
    return int(value)
           ^^^^^^^^^^
  File "C:\Users\HP\Documents\tito\projects\simba\backend\venv\Lib\site-packages\django\contrib\auth\models.py", line 549, in __int__
    raise TypeError(
TypeError: Cannot cast AnonymousUser to int. Are you trying to use it in place of User?

The above exception was the direct cause of the following exception:

Traceback (most recent call last):
  File "C:\Users\HP\Documents\tito\projects\simba\backend\venv\Lib\site-packages\drf_yasg\inspectors\base.py", line 48, in call_view_method
    return view_method()
           ^^^^^^^^^^^^^
  File "C:\Users\HP\Documents\tito\projects\simba\backend\pets\views.py", line 10, in get_queryset
    return Pet.objects.filter(owner=self.request.user)
           ^^^^^^^^^^^^^^^^^^^^^^^^^^^^^^^^^^^^^^^^^^^
  File "C:\Users\HP\Documents\tito\projects\simba\backend\venv\Lib\site-packages\django\db\models\manager.py", line 87, in manager_method
    return getattr(self.get_queryset(), name)(*args, **kwargs)
           ^^^^^^^^^^^^^^^^^^^^^^^^^^^^^^^^^^^^^^^^^^^^^^^^^^^
  File "C:\Users\HP\Documents\tito\projects\simba\backend\venv\Lib\site-packages\django\db\models\query.py", line 1542, in filter
    return self._filter_or_exclude(False, args, kwargs)
           ^^^^^^^^^^^^^^^^^^^^^^^^^^^^^^^^^^^^^^^^^^^^
  File "C:\Users\HP\Documents\tito\projects\simba\backend\venv\Lib\site-packages\django\db\models\query.py", line 1560, in _filter_or_exclude
    clone._filter_or_exclude_inplace(negate, args, kwargs)
  File "C:\Users\HP\Documents\tito\projects\simba\backend\venv\Lib\site-packages\django\db\models\query.py", line 1570, in _filter_or_exclude_inplace
    self._query.add_q(Q(*args, **kwargs))
  File "C:\Users\HP\Documents\tito\projects\simba\backend\venv\Lib\site-packages\django\db\models\sql\query.py", line 1676, in add_q
    clause, _ = self._add_q(q_object, can_reuse)
                ^^^^^^^^^^^^^^^^^^^^^^^^^^^^^^^^
  File "C:\Users\HP\Documents\tito\projects\simba\backend\venv\Lib\site-packages\django\db\models\sql\query.py", line 1708, in _add_q
    child_clause, needed_inner = self.build_filter(
                                 ^^^^^^^^^^^^^^^^^^
  File "C:\Users\HP\Documents\tito\projects\simba\backend\venv\Lib\site-packages\django\db\models\sql\query.py", line 1618, in build_filter
    condition = self.build_lookup(lookups, col, value)
                ^^^^^^^^^^^^^^^^^^^^^^^^^^^^^^^^^^^^^^
  File "C:\Users\HP\Documents\tito\projects\simba\backend\venv\Lib\site-packages\django\db\models\sql\query.py", line 1445, in build_lookup
    lookup = lookup_class(lhs, rhs)
             ^^^^^^^^^^^^^^^^^^^^^^
  File "C:\Users\HP\Documents\tito\projects\simba\backend\venv\Lib\site-packages\django\db\models\lookups.py", line 35, in __init__
    self.rhs = self.get_prep_lookup()
               ^^^^^^^^^^^^^^^^^^^^^^
  File "C:\Users\HP\Documents\tito\projects\simba\backend\venv\Lib\site-packages\django\db\models\fields\related_lookups.py", line 113, in get_prep_lookup
    self.rhs = target_field.get_prep_value(self.rhs)
               ^^^^^^^^^^^^^^^^^^^^^^^^^^^^^^^^^^^^^
  File "C:\Users\HP\Documents\tito\projects\simba\backend\venv\Lib\site-packages\django\db\models\fields\__init__.py", line 2130, in get_prep_value
    raise e.__class__(
TypeError: Field 'id' expected a number but got <django.contrib.auth.models.AnonymousUser object at 0x00000221AB7CA5D0>.
2026-03-26 09:14:01,813 | WARNING | drf_yasg.inspectors.base | view's VaccinationRecordViewSet.get_queryset raised exception during schema generation; use `getattr(self, 'swagger_fake_view', False)` to detect and short-circuit this
Traceback (most recent call last):
  File "C:\Users\HP\Documents\tito\projects\simba\backend\venv\Lib\site-packages\django\db\models\fields\__init__.py", line 2128, in get_prep_value
    return int(value)
           ^^^^^^^^^^
  File "C:\Users\HP\Documents\tito\projects\simba\backend\venv\Lib\site-packages\django\contrib\auth\models.py", line 549, in __int__
    raise TypeError(
TypeError: Cannot cast AnonymousUser to int. Are you trying to use it in place of User?

The above exception was the direct cause of the following exception:

Traceback (most recent call last):
  File "C:\Users\HP\Documents\tito\projects\simba\backend\venv\Lib\site-packages\drf_yasg\inspectors\base.py", line 48, in call_view_method
    return view_method()
           ^^^^^^^^^^^^^
  File "C:\Users\HP\Documents\tito\projects\simba\backend\pets\views.py", line 20, in get_queryset
    return VaccinationRecord.objects.filter(pet__owner=self.request.user)
           ^^^^^^^^^^^^^^^^^^^^^^^^^^^^^^^^^^^^^^^^^^^^^^^^^^^^^^^^^^^^^^
  File "C:\Users\HP\Documents\tito\projects\simba\backend\venv\Lib\site-packages\django\db\models\manager.py", line 87, in manager_method
    return getattr(self.get_queryset(), name)(*args, **kwargs)
           ^^^^^^^^^^^^^^^^^^^^^^^^^^^^^^^^^^^^^^^^^^^^^^^^^^^
  File "C:\Users\HP\Documents\tito\projects\simba\backend\venv\Lib\site-packages\django\db\models\query.py", line 1542, in filter
    return self._filter_or_exclude(False, args, kwargs)
           ^^^^^^^^^^^^^^^^^^^^^^^^^^^^^^^^^^^^^^^^^^^^
  File "C:\Users\HP\Documents\tito\projects\simba\backend\venv\Lib\site-packages\django\db\models\query.py", line 1560, in _filter_or_exclude
    clone._filter_or_exclude_inplace(negate, args, kwargs)
  File "C:\Users\HP\Documents\tito\projects\simba\backend\venv\Lib\site-packages\django\db\models\query.py", line 1570, in _filter_or_exclude_inplace
    self._query.add_q(Q(*args, **kwargs))
  File "C:\Users\HP\Documents\tito\projects\simba\backend\venv\Lib\site-packages\django\db\models\sql\query.py", line 1676, in add_q
    clause, _ = self._add_q(q_object, can_reuse)
                ^^^^^^^^^^^^^^^^^^^^^^^^^^^^^^^^
  File "C:\Users\HP\Documents\tito\projects\simba\backend\venv\Lib\site-packages\django\db\models\sql\query.py", line 1708, in _add_q
    child_clause, needed_inner = self.build_filter(
                                 ^^^^^^^^^^^^^^^^^^
  File "C:\Users\HP\Documents\tito\projects\simba\backend\venv\Lib\site-packages\django\db\models\sql\query.py", line 1618, in build_filter
    condition = self.build_lookup(lookups, col, value)
                ^^^^^^^^^^^^^^^^^^^^^^^^^^^^^^^^^^^^^^
  File "C:\Users\HP\Documents\tito\projects\simba\backend\venv\Lib\site-packages\django\db\models\sql\query.py", line 1445, in build_lookup
    lookup = lookup_class(lhs, rhs)
             ^^^^^^^^^^^^^^^^^^^^^^
  File "C:\Users\HP\Documents\tito\projects\simba\backend\venv\Lib\site-packages\django\db\models\lookups.py", line 35, in __init__
    self.rhs = self.get_prep_lookup()
               ^^^^^^^^^^^^^^^^^^^^^^
  File "C:\Users\HP\Documents\tito\projects\simba\backend\venv\Lib\site-packages\django\db\models\fields\related_lookups.py", line 113, in get_prep_lookup
    self.rhs = target_field.get_prep_value(self.rhs)
               ^^^^^^^^^^^^^^^^^^^^^^^^^^^^^^^^^^^^^
  File "C:\Users\HP\Documents\tito\projects\simba\backend\venv\Lib\site-packages\django\db\models\fields\__init__.py", line 2130, in get_prep_value
    raise e.__class__(
TypeError: Field 'id' expected a number but got <django.contrib.auth.models.AnonymousUser object at 0x00000221AB7CA5D0>.
2026-03-26 09:14:01,813 | WARNING | drf_yasg.inspectors.base | view's UserPlanViewSet.get_queryset raised exception during schema generation; use `getattr(self, 'swagger_fake_view', False)` to detect and short-circuit this
Traceback (most recent call last):
  File "C:\Users\HP\Documents\tito\projects\simba\backend\venv\Lib\site-packages\django\db\models\fields\__init__.py", line 2128, in get_prep_value
    return int(value)
           ^^^^^^^^^^
  File "C:\Users\HP\Documents\tito\projects\simba\backend\venv\Lib\site-packages\django\contrib\auth\models.py", line 549, in __int__
    raise TypeError(
TypeError: Cannot cast AnonymousUser to int. Are you trying to use it in place of User?

The above exception was the direct cause of the following exception:

Traceback (most recent call last):
  File "C:\Users\HP\Documents\tito\projects\simba\backend\venv\Lib\site-packages\drf_yasg\inspectors\base.py", line 48, in call_view_method
    return view_method()
           ^^^^^^^^^^^^^
  File "C:\Users\HP\Documents\tito\projects\simba\backend\core\views.py", line 10, in get_queryset
    return UserPlan.objects.filter(user=self.request.user)
           ^^^^^^^^^^^^^^^^^^^^^^^^^^^^^^^^^^^^^^^^^^^^^^^
  File "C:\Users\HP\Documents\tito\projects\simba\backend\venv\Lib\site-packages\django\db\models\manager.py", line 87, in manager_method
    return getattr(self.get_queryset(), name)(*args, **kwargs)
           ^^^^^^^^^^^^^^^^^^^^^^^^^^^^^^^^^^^^^^^^^^^^^^^^^^^
  File "C:\Users\HP\Documents\tito\projects\simba\backend\venv\Lib\site-packages\django\db\models\query.py", line 1542, in filter
    return self._filter_or_exclude(False, args, kwargs)
           ^^^^^^^^^^^^^^^^^^^^^^^^^^^^^^^^^^^^^^^^^^^^
  File "C:\Users\HP\Documents\tito\projects\simba\backend\venv\Lib\site-packages\django\db\models\query.py", line 1560, in _filter_or_exclude
    clone._filter_or_exclude_inplace(negate, args, kwargs)
  File "C:\Users\HP\Documents\tito\projects\simba\backend\venv\Lib\site-packages\django\db\models\query.py", line 1570, in _filter_or_exclude_inplace
    self._query.add_q(Q(*args, **kwargs))
  File "C:\Users\HP\Documents\tito\projects\simba\backend\venv\Lib\site-packages\django\db\models\sql\query.py", line 1676, in add_q
    clause, _ = self._add_q(q_object, can_reuse)
                ^^^^^^^^^^^^^^^^^^^^^^^^^^^^^^^^
  File "C:\Users\HP\Documents\tito\projects\simba\backend\venv\Lib\site-packages\django\db\models\sql\query.py", line 1708, in _add_q
    child_clause, needed_inner = self.build_filter(
                                 ^^^^^^^^^^^^^^^^^^
  File "C:\Users\HP\Documents\tito\projects\simba\backend\venv\Lib\site-packages\django\db\models\sql\query.py", line 1618, in build_filter
    condition = self.build_lookup(lookups, col, value)
                ^^^^^^^^^^^^^^^^^^^^^^^^^^^^^^^^^^^^^^
  File "C:\Users\HP\Documents\tito\projects\simba\backend\venv\Lib\site-packages\django\db\models\sql\query.py", line 1445, in build_lookup
    lookup = lookup_class(lhs, rhs)
             ^^^^^^^^^^^^^^^^^^^^^^
  File "C:\Users\HP\Documents\tito\projects\simba\backend\venv\Lib\site-packages\django\db\models\lookups.py", line 35, in __init__
    self.rhs = self.get_prep_lookup()
               ^^^^^^^^^^^^^^^^^^^^^^
  File "C:\Users\HP\Documents\tito\projects\simba\backend\venv\Lib\site-packages\django\db\models\fields\related_lookups.py", line 113, in get_prep_lookup
    self.rhs = target_field.get_prep_value(self.rhs)
               ^^^^^^^^^^^^^^^^^^^^^^^^^^^^^^^^^^^^^
  File "C:\Users\HP\Documents\tito\projects\simba\backend\venv\Lib\site-packages\django\db\models\fields\__init__.py", line 2130, in get_prep_value
    raise e.__class__(
TypeError: Field 'id' expected a number but got <django.contrib.auth.models.AnonymousUser object at 0x00000221AB7CA5D0>.
2026-03-26 09:14:01,828 | WARNING | drf_yasg.inspectors.base | view's PetViewSet.get_queryset raised exception during schema generation; use `getattr(self, 'swagger_fake_view', False)` to detect and short-circuit this
Traceback (most recent call last):
  File "C:\Users\HP\Documents\tito\projects\simba\backend\venv\Lib\site-packages\django\db\models\fields\__init__.py", line 2128, in get_prep_value
    return int(value)
           ^^^^^^^^^^
  File "C:\Users\HP\Documents\tito\projects\simba\backend\venv\Lib\site-packages\django\contrib\auth\models.py", line 549, in __int__
    raise TypeError(
TypeError: Cannot cast AnonymousUser to int. Are you trying to use it in place of User?

The above exception was the direct cause of the following exception:

Traceback (most recent call last):
  File "C:\Users\HP\Documents\tito\projects\simba\backend\venv\Lib\site-packages\drf_yasg\inspectors\base.py", line 48, in call_view_method
    return view_method()
           ^^^^^^^^^^^^^
  File "C:\Users\HP\Documents\tito\projects\simba\backend\pets\views.py", line 10, in get_queryset
    return Pet.objects.filter(owner=self.request.user)
           ^^^^^^^^^^^^^^^^^^^^^^^^^^^^^^^^^^^^^^^^^^^
  File "C:\Users\HP\Documents\tito\projects\simba\backend\venv\Lib\site-packages\django\db\models\manager.py", line 87, in manager_method
    return getattr(self.get_queryset(), name)(*args, **kwargs)
           ^^^^^^^^^^^^^^^^^^^^^^^^^^^^^^^^^^^^^^^^^^^^^^^^^^^
  File "C:\Users\HP\Documents\tito\projects\simba\backend\venv\Lib\site-packages\django\db\models\query.py", line 1542, in filter
    return self._filter_or_exclude(False, args, kwargs)
           ^^^^^^^^^^^^^^^^^^^^^^^^^^^^^^^^^^^^^^^^^^^^
  File "C:\Users\HP\Documents\tito\projects\simba\backend\venv\Lib\site-packages\django\db\models\query.py", line 1560, in _filter_or_exclude
    clone._filter_or_exclude_inplace(negate, args, kwargs)
  File "C:\Users\HP\Documents\tito\projects\simba\backend\venv\Lib\site-packages\django\db\models\query.py", line 1570, in _filter_or_exclude_inplace
    self._query.add_q(Q(*args, **kwargs))
  File "C:\Users\HP\Documents\tito\projects\simba\backend\venv\Lib\site-packages\django\db\models\sql\query.py", line 1676, in add_q
    clause, _ = self._add_q(q_object, can_reuse)
                ^^^^^^^^^^^^^^^^^^^^^^^^^^^^^^^^
  File "C:\Users\HP\Documents\tito\projects\simba\backend\venv\Lib\site-packages\django\db\models\sql\query.py", line 1708, in _add_q
    child_clause, needed_inner = self.build_filter(
                                 ^^^^^^^^^^^^^^^^^^
  File "C:\Users\HP\Documents\tito\projects\simba\backend\venv\Lib\site-packages\django\db\models\sql\query.py", line 1618, in build_filter
    condition = self.build_lookup(lookups, col, value)
                ^^^^^^^^^^^^^^^^^^^^^^^^^^^^^^^^^^^^^^
  File "C:\Users\HP\Documents\tito\projects\simba\backend\venv\Lib\site-packages\django\db\models\sql\query.py", line 1445, in build_lookup
    lookup = lookup_class(lhs, rhs)
             ^^^^^^^^^^^^^^^^^^^^^^
  File "C:\Users\HP\Documents\tito\projects\simba\backend\venv\Lib\site-packages\django\db\models\lookups.py", line 35, in __init__
    self.rhs = self.get_prep_lookup()
               ^^^^^^^^^^^^^^^^^^^^^^
  File "C:\Users\HP\Documents\tito\projects\simba\backend\venv\Lib\site-packages\django\db\models\fields\related_lookups.py", line 113, in get_prep_lookup
    self.rhs = target_field.get_prep_value(self.rhs)
               ^^^^^^^^^^^^^^^^^^^^^^^^^^^^^^^^^^^^^
  File "C:\Users\HP\Documents\tito\projects\simba\backend\venv\Lib\site-packages\django\db\models\fields\__init__.py", line 2130, in get_prep_value
    raise e.__class__(
TypeError: Field 'id' expected a number but got <django.contrib.auth.models.AnonymousUser object at 0x00000221AB7CA5D0>.
2026-03-26 09:14:01,843 | WARNING | drf_yasg.inspectors.base | view's VaccinationRecordViewSet.get_queryset raised exception during schema generation; use `getattr(self, 'swagger_fake_view', False)` to detect and short-circuit this
Traceback (most recent call last):
  File "C:\Users\HP\Documents\tito\projects\simba\backend\venv\Lib\site-packages\django\db\models\fields\__init__.py", line 2128, in get_prep_value
    return int(value)
           ^^^^^^^^^^
  File "C:\Users\HP\Documents\tito\projects\simba\backend\venv\Lib\site-packages\django\contrib\auth\models.py", line 549, in __int__
    raise TypeError(
TypeError: Cannot cast AnonymousUser to int. Are you trying to use it in place of User?

The above exception was the direct cause of the following exception:

Traceback (most recent call last):
  File "C:\Users\HP\Documents\tito\projects\simba\backend\venv\Lib\site-packages\drf_yasg\inspectors\base.py", line 48, in call_view_method
    return view_method()
           ^^^^^^^^^^^^^
  File "C:\Users\HP\Documents\tito\projects\simba\backend\pets\views.py", line 20, in get_queryset
    return VaccinationRecord.objects.filter(pet__owner=self.request.user)
           ^^^^^^^^^^^^^^^^^^^^^^^^^^^^^^^^^^^^^^^^^^^^^^^^^^^^^^^^^^^^^^
  File "C:\Users\HP\Documents\tito\projects\simba\backend\venv\Lib\site-packages\django\db\models\manager.py", line 87, in manager_method
    return getattr(self.get_queryset(), name)(*args, **kwargs)
           ^^^^^^^^^^^^^^^^^^^^^^^^^^^^^^^^^^^^^^^^^^^^^^^^^^^
  File "C:\Users\HP\Documents\tito\projects\simba\backend\venv\Lib\site-packages\django\db\models\query.py", line 1542, in filter
    return self._filter_or_exclude(False, args, kwargs)
           ^^^^^^^^^^^^^^^^^^^^^^^^^^^^^^^^^^^^^^^^^^^^
  File "C:\Users\HP\Documents\tito\projects\simba\backend\venv\Lib\site-packages\django\db\models\query.py", line 1560, in _filter_or_exclude
    clone._filter_or_exclude_inplace(negate, args, kwargs)
  File "C:\Users\HP\Documents\tito\projects\simba\backend\venv\Lib\site-packages\django\db\models\query.py", line 1570, in _filter_or_exclude_inplace
    self._query.add_q(Q(*args, **kwargs))
  File "C:\Users\HP\Documents\tito\projects\simba\backend\venv\Lib\site-packages\django\db\models\sql\query.py", line 1676, in add_q
    clause, _ = self._add_q(q_object, can_reuse)
                ^^^^^^^^^^^^^^^^^^^^^^^^^^^^^^^^
  File "C:\Users\HP\Documents\tito\projects\simba\backend\venv\Lib\site-packages\django\db\models\sql\query.py", line 1708, in _add_q
    child_clause, needed_inner = self.build_filter(
                                 ^^^^^^^^^^^^^^^^^^
  File "C:\Users\HP\Documents\tito\projects\simba\backend\venv\Lib\site-packages\django\db\models\sql\query.py", line 1618, in build_filter
    condition = self.build_lookup(lookups, col, value)
                ^^^^^^^^^^^^^^^^^^^^^^^^^^^^^^^^^^^^^^
  File "C:\Users\HP\Documents\tito\projects\simba\backend\venv\Lib\site-packages\django\db\models\sql\query.py", line 1445, in build_lookup
    lookup = lookup_class(lhs, rhs)
             ^^^^^^^^^^^^^^^^^^^^^^
  File "C:\Users\HP\Documents\tito\projects\simba\backend\venv\Lib\site-packages\django\db\models\lookups.py", line 35, in __init__
    self.rhs = self.get_prep_lookup()
               ^^^^^^^^^^^^^^^^^^^^^^
  File "C:\Users\HP\Documents\tito\projects\simba\backend\venv\Lib\site-packages\django\db\models\fields\related_lookups.py", line 113, in get_prep_lookup
    self.rhs = target_field.get_prep_value(self.rhs)
               ^^^^^^^^^^^^^^^^^^^^^^^^^^^^^^^^^^^^^
  File "C:\Users\HP\Documents\tito\projects\simba\backend\venv\Lib\site-packages\django\db\models\fields\__init__.py", line 2130, in get_prep_value
    raise e.__class__(
TypeError: Field 'id' expected a number but got <django.contrib.auth.models.AnonymousUser object at 0x00000221AB7CA5D0>.
2026-03-26 09:14:01,850 | WARNING | drf_yasg.inspectors.base | view's UserPlanViewSet.get_queryset raised exception during schema generation; use `getattr(self, 'swagger_fake_view', False)` to detect and short-circuit this
Traceback (most recent call last):
  File "C:\Users\HP\Documents\tito\projects\simba\backend\venv\Lib\site-packages\django\db\models\fields\__init__.py", line 2128, in get_prep_value
    return int(value)
           ^^^^^^^^^^
  File "C:\Users\HP\Documents\tito\projects\simba\backend\venv\Lib\site-packages\django\contrib\auth\models.py", line 549, in __int__
    raise TypeError(
TypeError: Cannot cast AnonymousUser to int. Are you trying to use it in place of User?

The above exception was the direct cause of the following exception:

Traceback (most recent call last):
  File "C:\Users\HP\Documents\tito\projects\simba\backend\venv\Lib\site-packages\drf_yasg\inspectors\base.py", line 48, in call_view_method
    return view_method()
           ^^^^^^^^^^^^^
  File "C:\Users\HP\Documents\tito\projects\simba\backend\core\views.py", line 10, in get_queryset
    return UserPlan.objects.filter(user=self.request.user)
           ^^^^^^^^^^^^^^^^^^^^^^^^^^^^^^^^^^^^^^^^^^^^^^^
  File "C:\Users\HP\Documents\tito\projects\simba\backend\venv\Lib\site-packages\django\db\models\manager.py", line 87, in manager_method
    return getattr(self.get_queryset(), name)(*args, **kwargs)
           ^^^^^^^^^^^^^^^^^^^^^^^^^^^^^^^^^^^^^^^^^^^^^^^^^^^
  File "C:\Users\HP\Documents\tito\projects\simba\backend\venv\Lib\site-packages\django\db\models\query.py", line 1542, in filter
    return self._filter_or_exclude(False, args, kwargs)
           ^^^^^^^^^^^^^^^^^^^^^^^^^^^^^^^^^^^^^^^^^^^^
  File "C:\Users\HP\Documents\tito\projects\simba\backend\venv\Lib\site-packages\django\db\models\query.py", line 1560, in _filter_or_exclude
    clone._filter_or_exclude_inplace(negate, args, kwargs)
  File "C:\Users\HP\Documents\tito\projects\simba\backend\venv\Lib\site-packages\django\db\models\query.py", line 1570, in _filter_or_exclude_inplace
    self._query.add_q(Q(*args, **kwargs))
  File "C:\Users\HP\Documents\tito\projects\simba\backend\venv\Lib\site-packages\django\db\models\sql\query.py", line 1676, in add_q
    clause, _ = self._add_q(q_object, can_reuse)
                ^^^^^^^^^^^^^^^^^^^^^^^^^^^^^^^^
  File "C:\Users\HP\Documents\tito\projects\simba\backend\venv\Lib\site-packages\django\db\models\sql\query.py", line 1708, in _add_q
    child_clause, needed_inner = self.build_filter(
                                 ^^^^^^^^^^^^^^^^^^
  File "C:\Users\HP\Documents\tito\projects\simba\backend\venv\Lib\site-packages\django\db\models\sql\query.py", line 1618, in build_filter
    condition = self.build_lookup(lookups, col, value)
                ^^^^^^^^^^^^^^^^^^^^^^^^^^^^^^^^^^^^^^
  File "C:\Users\HP\Documents\tito\projects\simba\backend\venv\Lib\site-packages\django\db\models\sql\query.py", line 1445, in build_lookup
    lookup = lookup_class(lhs, rhs)
             ^^^^^^^^^^^^^^^^^^^^^^
  File "C:\Users\HP\Documents\tito\projects\simba\backend\venv\Lib\site-packages\django\db\models\lookups.py", line 35, in __init__
    self.rhs = self.get_prep_lookup()
               ^^^^^^^^^^^^^^^^^^^^^^
  File "C:\Users\HP\Documents\tito\projects\simba\backend\venv\Lib\site-packages\django\db\models\fields\related_lookups.py", line 113, in get_prep_lookup
    self.rhs = target_field.get_prep_value(self.rhs)
               ^^^^^^^^^^^^^^^^^^^^^^^^^^^^^^^^^^^^^
  File "C:\Users\HP\Documents\tito\projects\simba\backend\venv\Lib\site-packages\django\db\models\fields\__init__.py", line 2130, in get_prep_value
    raise e.__class__(
TypeError: Field 'id' expected a number but got <django.contrib.auth.models.AnonymousUser object at 0x00000221AB7CA5D0>.
2026-03-26 09:14:01,855 | WARNING | drf_yasg.inspectors.base | view's PetViewSet.get_queryset raised exception during schema generation; use `getattr(self, 'swagger_fake_view', False)` to detect and short-circuit this
Traceback (most recent call last):
  File "C:\Users\HP\Documents\tito\projects\simba\backend\venv\Lib\site-packages\django\db\models\fields\__init__.py", line 2128, in get_prep_value
    return int(value)
           ^^^^^^^^^^
  File "C:\Users\HP\Documents\tito\projects\simba\backend\venv\Lib\site-packages\django\contrib\auth\models.py", line 549, in __int__
    raise TypeError(
TypeError: Cannot cast AnonymousUser to int. Are you trying to use it in place of User?

The above exception was the direct cause of the following exception:

Traceback (most recent call last):
  File "C:\Users\HP\Documents\tito\projects\simba\backend\venv\Lib\site-packages\drf_yasg\inspectors\base.py", line 48, in call_view_method
    return view_method()
           ^^^^^^^^^^^^^
  File "C:\Users\HP\Documents\tito\projects\simba\backend\pets\views.py", line 10, in get_queryset
    return Pet.objects.filter(owner=self.request.user)
           ^^^^^^^^^^^^^^^^^^^^^^^^^^^^^^^^^^^^^^^^^^^
  File "C:\Users\HP\Documents\tito\projects\simba\backend\venv\Lib\site-packages\django\db\models\manager.py", line 87, in manager_method
    return getattr(self.get_queryset(), name)(*args, **kwargs)
           ^^^^^^^^^^^^^^^^^^^^^^^^^^^^^^^^^^^^^^^^^^^^^^^^^^^
  File "C:\Users\HP\Documents\tito\projects\simba\backend\venv\Lib\site-packages\django\db\models\query.py", line 1542, in filter
    return self._filter_or_exclude(False, args, kwargs)
           ^^^^^^^^^^^^^^^^^^^^^^^^^^^^^^^^^^^^^^^^^^^^
  File "C:\Users\HP\Documents\tito\projects\simba\backend\venv\Lib\site-packages\django\db\models\query.py", line 1560, in _filter_or_exclude
    clone._filter_or_exclude_inplace(negate, args, kwargs)
  File "C:\Users\HP\Documents\tito\projects\simba\backend\venv\Lib\site-packages\django\db\models\query.py", line 1570, in _filter_or_exclude_inplace
    self._query.add_q(Q(*args, **kwargs))
  File "C:\Users\HP\Documents\tito\projects\simba\backend\venv\Lib\site-packages\django\db\models\sql\query.py", line 1676, in add_q
    clause, _ = self._add_q(q_object, can_reuse)
                ^^^^^^^^^^^^^^^^^^^^^^^^^^^^^^^^
  File "C:\Users\HP\Documents\tito\projects\simba\backend\venv\Lib\site-packages\django\db\models\sql\query.py", line 1708, in _add_q
    child_clause, needed_inner = self.build_filter(
                                 ^^^^^^^^^^^^^^^^^^
  File "C:\Users\HP\Documents\tito\projects\simba\backend\venv\Lib\site-packages\django\db\models\sql\query.py", line 1618, in build_filter
    condition = self.build_lookup(lookups, col, value)
                ^^^^^^^^^^^^^^^^^^^^^^^^^^^^^^^^^^^^^^
  File "C:\Users\HP\Documents\tito\projects\simba\backend\venv\Lib\site-packages\django\db\models\sql\query.py", line 1445, in build_lookup
    lookup = lookup_class(lhs, rhs)
             ^^^^^^^^^^^^^^^^^^^^^^
  File "C:\Users\HP\Documents\tito\projects\simba\backend\venv\Lib\site-packages\django\db\models\lookups.py", line 35, in __init__
    self.rhs = self.get_prep_lookup()
               ^^^^^^^^^^^^^^^^^^^^^^
  File "C:\Users\HP\Documents\tito\projects\simba\backend\venv\Lib\site-packages\django\db\models\fields\related_lookups.py", line 113, in get_prep_lookup
    self.rhs = target_field.get_prep_value(self.rhs)
               ^^^^^^^^^^^^^^^^^^^^^^^^^^^^^^^^^^^^^
  File "C:\Users\HP\Documents\tito\projects\simba\backend\venv\Lib\site-packages\django\db\models\fields\__init__.py", line 2130, in get_prep_value
    raise e.__class__(
TypeError: Field 'id' expected a number but got <django.contrib.auth.models.AnonymousUser object at 0x00000221AB7CA5D0>.
2026-03-26 09:14:01,859 | WARNING | drf_yasg.inspectors.base | view's VaccinationRecordViewSet.get_queryset raised exception during schema generation; use `getattr(self, 'swagger_fake_view', False)` to detect and short-circuit this
Traceback (most recent call last):
  File "C:\Users\HP\Documents\tito\projects\simba\backend\venv\Lib\site-packages\django\db\models\fields\__init__.py", line 2128, in get_prep_value
    return int(value)
           ^^^^^^^^^^
  File "C:\Users\HP\Documents\tito\projects\simba\backend\venv\Lib\site-packages\django\contrib\auth\models.py", line 549, in __int__
    raise TypeError(
TypeError: Cannot cast AnonymousUser to int. Are you trying to use it in place of User?

The above exception was the direct cause of the following exception:

Traceback (most recent call last):
  File "C:\Users\HP\Documents\tito\projects\simba\backend\venv\Lib\site-packages\drf_yasg\inspectors\base.py", line 48, in call_view_method
    return view_method()
           ^^^^^^^^^^^^^
  File "C:\Users\HP\Documents\tito\projects\simba\backend\pets\views.py", line 20, in get_queryset
    return VaccinationRecord.objects.filter(pet__owner=self.request.user)
           ^^^^^^^^^^^^^^^^^^^^^^^^^^^^^^^^^^^^^^^^^^^^^^^^^^^^^^^^^^^^^^
  File "C:\Users\HP\Documents\tito\projects\simba\backend\venv\Lib\site-packages\django\db\models\manager.py", line 87, in manager_method
    return getattr(self.get_queryset(), name)(*args, **kwargs)
           ^^^^^^^^^^^^^^^^^^^^^^^^^^^^^^^^^^^^^^^^^^^^^^^^^^^
  File "C:\Users\HP\Documents\tito\projects\simba\backend\venv\Lib\site-packages\django\db\models\query.py", line 1542, in filter
    return self._filter_or_exclude(False, args, kwargs)
           ^^^^^^^^^^^^^^^^^^^^^^^^^^^^^^^^^^^^^^^^^^^^
  File "C:\Users\HP\Documents\tito\projects\simba\backend\venv\Lib\site-packages\django\db\models\query.py", line 1560, in _filter_or_exclude
    clone._filter_or_exclude_inplace(negate, args, kwargs)
  File "C:\Users\HP\Documents\tito\projects\simba\backend\venv\Lib\site-packages\django\db\models\query.py", line 1570, in _filter_or_exclude_inplace
    self._query.add_q(Q(*args, **kwargs))
  File "C:\Users\HP\Documents\tito\projects\simba\backend\venv\Lib\site-packages\django\db\models\sql\query.py", line 1676, in add_q
    clause, _ = self._add_q(q_object, can_reuse)
                ^^^^^^^^^^^^^^^^^^^^^^^^^^^^^^^^
  File "C:\Users\HP\Documents\tito\projects\simba\backend\venv\Lib\site-packages\django\db\models\sql\query.py", line 1708, in _add_q
    child_clause, needed_inner = self.build_filter(
                                 ^^^^^^^^^^^^^^^^^^
  File "C:\Users\HP\Documents\tito\projects\simba\backend\venv\Lib\site-packages\django\db\models\sql\query.py", line 1618, in build_filter
    condition = self.build_lookup(lookups, col, value)
                ^^^^^^^^^^^^^^^^^^^^^^^^^^^^^^^^^^^^^^
  File "C:\Users\HP\Documents\tito\projects\simba\backend\venv\Lib\site-packages\django\db\models\sql\query.py", line 1445, in build_lookup
    lookup = lookup_class(lhs, rhs)
             ^^^^^^^^^^^^^^^^^^^^^^
  File "C:\Users\HP\Documents\tito\projects\simba\backend\venv\Lib\site-packages\django\db\models\lookups.py", line 35, in __init__
    self.rhs = self.get_prep_lookup()
               ^^^^^^^^^^^^^^^^^^^^^^
  File "C:\Users\HP\Documents\tito\projects\simba\backend\venv\Lib\site-packages\django\db\models\fields\related_lookups.py", line 113, in get_prep_lookup
    self.rhs = target_field.get_prep_value(self.rhs)
               ^^^^^^^^^^^^^^^^^^^^^^^^^^^^^^^^^^^^^
  File "C:\Users\HP\Documents\tito\projects\simba\backend\venv\Lib\site-packages\django\db\models\fields\__init__.py", line 2130, in get_prep_value
    raise e.__class__(
TypeError: Field 'id' expected a number but got <django.contrib.auth.models.AnonymousUser object at 0x00000221AB7CA5D0>.
2026-03-26 09:14:01,865 | WARNING | drf_yasg.inspectors.base | view's UserPlanViewSet.get_queryset raised exception during schema generation; use `getattr(self, 'swagger_fake_view', False)` to detect and short-circuit this
Traceback (most recent call last):
  File "C:\Users\HP\Documents\tito\projects\simba\backend\venv\Lib\site-packages\django\db\models\fields\__init__.py", line 2128, in get_prep_value
    return int(value)
           ^^^^^^^^^^
  File "C:\Users\HP\Documents\tito\projects\simba\backend\venv\Lib\site-packages\django\contrib\auth\models.py", line 549, in __int__
    raise TypeError(
TypeError: Cannot cast AnonymousUser to int. Are you trying to use it in place of User?

The above exception was the direct cause of the following exception:

Traceback (most recent call last):
  File "C:\Users\HP\Documents\tito\projects\simba\backend\venv\Lib\site-packages\drf_yasg\inspectors\base.py", line 48, in call_view_method
    return view_method()
           ^^^^^^^^^^^^^
  File "C:\Users\HP\Documents\tito\projects\simba\backend\core\views.py", line 10, in get_queryset
    return UserPlan.objects.filter(user=self.request.user)
           ^^^^^^^^^^^^^^^^^^^^^^^^^^^^^^^^^^^^^^^^^^^^^^^
  File "C:\Users\HP\Documents\tito\projects\simba\backend\venv\Lib\site-packages\django\db\models\manager.py", line 87, in manager_method
    return getattr(self.get_queryset(), name)(*args, **kwargs)
           ^^^^^^^^^^^^^^^^^^^^^^^^^^^^^^^^^^^^^^^^^^^^^^^^^^^
  File "C:\Users\HP\Documents\tito\projects\simba\backend\venv\Lib\site-packages\django\db\models\query.py", line 1542, in filter
    return self._filter_or_exclude(False, args, kwargs)
           ^^^^^^^^^^^^^^^^^^^^^^^^^^^^^^^^^^^^^^^^^^^^
  File "C:\Users\HP\Documents\tito\projects\simba\backend\venv\Lib\site-packages\django\db\models\query.py", line 1560, in _filter_or_exclude
    clone._filter_or_exclude_inplace(negate, args, kwargs)
  File "C:\Users\HP\Documents\tito\projects\simba\backend\venv\Lib\site-packages\django\db\models\query.py", line 1570, in _filter_or_exclude_inplace
    self._query.add_q(Q(*args, **kwargs))
  File "C:\Users\HP\Documents\tito\projects\simba\backend\venv\Lib\site-packages\django\db\models\sql\query.py", line 1676, in add_q
    clause, _ = self._add_q(q_object, can_reuse)
                ^^^^^^^^^^^^^^^^^^^^^^^^^^^^^^^^
  File "C:\Users\HP\Documents\tito\projects\simba\backend\venv\Lib\site-packages\django\db\models\sql\query.py", line 1708, in _add_q
    child_clause, needed_inner = self.build_filter(
                                 ^^^^^^^^^^^^^^^^^^
  File "C:\Users\HP\Documents\tito\projects\simba\backend\venv\Lib\site-packages\django\db\models\sql\query.py", line 1618, in build_filter
    condition = self.build_lookup(lookups, col, value)
                ^^^^^^^^^^^^^^^^^^^^^^^^^^^^^^^^^^^^^^
  File "C:\Users\HP\Documents\tito\projects\simba\backend\venv\Lib\site-packages\django\db\models\sql\query.py", line 1445, in build_lookup
    lookup = lookup_class(lhs, rhs)
             ^^^^^^^^^^^^^^^^^^^^^^
  File "C:\Users\HP\Documents\tito\projects\simba\backend\venv\Lib\site-packages\django\db\models\lookups.py", line 35, in __init__
    self.rhs = self.get_prep_lookup()
               ^^^^^^^^^^^^^^^^^^^^^^
  File "C:\Users\HP\Documents\tito\projects\simba\backend\venv\Lib\site-packages\django\db\models\fields\related_lookups.py", line 113, in get_prep_lookup
    self.rhs = target_field.get_prep_value(self.rhs)
               ^^^^^^^^^^^^^^^^^^^^^^^^^^^^^^^^^^^^^
  File "C:\Users\HP\Documents\tito\projects\simba\backend\venv\Lib\site-packages\django\db\models\fields\__init__.py", line 2130, in get_prep_value
    raise e.__class__(
TypeError: Field 'id' expected a number but got <django.contrib.auth.models.AnonymousUser object at 0x00000221AB7CA5D0>.
2026-03-26 09:14:01,891 | WARNING | drf_yasg.inspectors.base | view's ForgotPasswordViewset.get_serializer raised exception during schema generation; use `getattr(self, 'swagger_fake_view', False)` to detect and short-circuit this
Traceback (most recent call last):
  File "C:\Users\HP\Documents\tito\projects\simba\backend\venv\Lib\site-packages\drf_yasg\inspectors\base.py", line 48, in call_view_method
    return view_method()
           ^^^^^^^^^^^^^
  File "C:\Users\HP\Documents\tito\projects\simba\backend\venv\Lib\site-packages\rest_framework\generics.py", line 112, in get_serializer
    serializer_class = self.get_serializer_class()
                       ^^^^^^^^^^^^^^^^^^^^^^^^^^^
  File "C:\Users\HP\Documents\tito\projects\simba\backend\venv\Lib\site-packages\rest_framework\generics.py", line 126, in get_serializer_class
    assert self.serializer_class is not None, (
AssertionError: 'ForgotPasswordViewset' should either include a `serializer_class` attribute, or override the `get_serializer_class()` method.
2026-03-26 09:14:01,975 | WARNING | drf_yasg.inspectors.base | view's ForgotPasswordViewset.get_serializer raised exception during schema generation; use `getattr(self, 'swagger_fake_view', False)` to detect and short-circuit this
Traceback (most recent call last):
  File "C:\Users\HP\Documents\tito\projects\simba\backend\venv\Lib\site-packages\drf_yasg\inspectors\base.py", line 48, in call_view_method
    return view_method()
           ^^^^^^^^^^^^^
  File "C:\Users\HP\Documents\tito\projects\simba\backend\venv\Lib\site-packages\rest_framework\generics.py", line 112, in get_serializer
    serializer_class = self.get_serializer_class()
                       ^^^^^^^^^^^^^^^^^^^^^^^^^^^
  File "C:\Users\HP\Documents\tito\projects\simba\backend\venv\Lib\site-packages\rest_framework\generics.py", line 126, in get_serializer_class
    assert self.serializer_class is not None, (
AssertionError: 'ForgotPasswordViewset' should either include a `serializer_class` attribute, or override the `get_serializer_class()` method.
2026-03-26 09:14:01,983 | WARNING | drf_yasg.inspectors.base | view's LogoutViewSet.get_serializer raised exception during schema generation; use `getattr(self, 'swagger_fake_view', False)` to detect and short-circuit this
Traceback (most recent call last):
  File "C:\Users\HP\Documents\tito\projects\simba\backend\venv\Lib\site-packages\drf_yasg\inspectors\base.py", line 48, in call_view_method
    return view_method()
           ^^^^^^^^^^^^^
  File "C:\Users\HP\Documents\tito\projects\simba\backend\venv\Lib\site-packages\rest_framework\generics.py", line 112, in get_serializer
    serializer_class = self.get_serializer_class()
                       ^^^^^^^^^^^^^^^^^^^^^^^^^^^
  File "C:\Users\HP\Documents\tito\projects\simba\backend\venv\Lib\site-packages\rest_framework\generics.py", line 126, in get_serializer_class
    assert self.serializer_class is not None, (
AssertionError: 'LogoutViewSet' should either include a `serializer_class` attribute, or override the `get_serializer_class()` method.
2026-03-26 09:14:01,985 | WARNING | drf_yasg.inspectors.base | view's LogoutViewSet.get_serializer raised exception during schema generation; use `getattr(self, 'swagger_fake_view', False)` to detect and short-circuit this
Traceback (most recent call last):
  File "C:\Users\HP\Documents\tito\projects\simba\backend\venv\Lib\site-packages\drf_yasg\inspectors\base.py", line 48, in call_view_method
    return view_method()
           ^^^^^^^^^^^^^
  File "C:\Users\HP\Documents\tito\projects\simba\backend\venv\Lib\site-packages\rest_framework\generics.py", line 112, in get_serializer
    serializer_class = self.get_serializer_class()
                       ^^^^^^^^^^^^^^^^^^^^^^^^^^^
  File "C:\Users\HP\Documents\tito\projects\simba\backend\venv\Lib\site-packages\rest_framework\generics.py", line 126, in get_serializer_class
    assert self.serializer_class is not None, (
AssertionError: 'LogoutViewSet' should either include a `serializer_class` attribute, or override the `get_serializer_class()` method.
2026-03-26 09:14:01,999 | WARNING | drf_yasg.inspectors.base | view's ResetPasswordViewset.get_serializer raised exception during schema generation; use `getattr(self, 'swagger_fake_view', False)` to detect and short-circuit this
Traceback (most recent call last):
  File "C:\Users\HP\Documents\tito\projects\simba\backend\venv\Lib\site-packages\drf_yasg\inspectors\base.py", line 48, in call_view_method
    return view_method()
           ^^^^^^^^^^^^^
  File "C:\Users\HP\Documents\tito\projects\simba\backend\venv\Lib\site-packages\rest_framework\generics.py", line 112, in get_serializer
    serializer_class = self.get_serializer_class()
                       ^^^^^^^^^^^^^^^^^^^^^^^^^^^
  File "C:\Users\HP\Documents\tito\projects\simba\backend\venv\Lib\site-packages\rest_framework\generics.py", line 126, in get_serializer_class
    assert self.serializer_class is not None, (
AssertionError: 'ResetPasswordViewset' should either include a `serializer_class` attribute, or override the `get_serializer_class()` method.
2026-03-26 09:14:02,002 | WARNING | drf_yasg.inspectors.base | view's ResetPasswordViewset.get_serializer raised exception during schema generation; use `getattr(self, 'swagger_fake_view', False)` to detect and short-circuit this
Traceback (most recent call last):
  File "C:\Users\HP\Documents\tito\projects\simba\backend\venv\Lib\site-packages\drf_yasg\inspectors\base.py", line 48, in call_view_method
    return view_method()
           ^^^^^^^^^^^^^
  File "C:\Users\HP\Documents\tito\projects\simba\backend\venv\Lib\site-packages\rest_framework\generics.py", line 112, in get_serializer
    serializer_class = self.get_serializer_class()
                       ^^^^^^^^^^^^^^^^^^^^^^^^^^^
  File "C:\Users\HP\Documents\tito\projects\simba\backend\venv\Lib\site-packages\rest_framework\generics.py", line 126, in get_serializer_class
    assert self.serializer_class is not None, (
AssertionError: 'ResetPasswordViewset' should either include a `serializer_class` attribute, or override the `get_serializer_class()` method.
2026-03-26 09:27:52,800 | INFO | django.utils.autoreload | Watching for file changes with StatReloader
2026-03-26 09:30:55,991 | WARNING | drf_yasg.inspectors.base | view's PetViewSet.get_queryset raised exception during schema generation; use `getattr(self, 'swagger_fake_view', False)` to detect and short-circuit this
Traceback (most recent call last):
  File "C:\Users\HP\Documents\tito\projects\simba\backend\venv\Lib\site-packages\django\db\models\fields\__init__.py", line 2128, in get_prep_value
    return int(value)
           ^^^^^^^^^^
  File "C:\Users\HP\Documents\tito\projects\simba\backend\venv\Lib\site-packages\django\contrib\auth\models.py", line 549, in __int__
    raise TypeError(
TypeError: Cannot cast AnonymousUser to int. Are you trying to use it in place of User?

The above exception was the direct cause of the following exception:

Traceback (most recent call last):
  File "C:\Users\HP\Documents\tito\projects\simba\backend\venv\Lib\site-packages\drf_yasg\inspectors\base.py", line 48, in call_view_method
    return view_method()
           ^^^^^^^^^^^^^
  File "C:\Users\HP\Documents\tito\projects\simba\backend\pets\views.py", line 10, in get_queryset
    return Pet.objects.filter(owner=self.request.user)
           ^^^^^^^^^^^^^^^^^^^^^^^^^^^^^^^^^^^^^^^^^^^
  File "C:\Users\HP\Documents\tito\projects\simba\backend\venv\Lib\site-packages\django\db\models\manager.py", line 87, in manager_method
    return getattr(self.get_queryset(), name)(*args, **kwargs)
           ^^^^^^^^^^^^^^^^^^^^^^^^^^^^^^^^^^^^^^^^^^^^^^^^^^^
  File "C:\Users\HP\Documents\tito\projects\simba\backend\venv\Lib\site-packages\django\db\models\query.py", line 1542, in filter
    return self._filter_or_exclude(False, args, kwargs)
           ^^^^^^^^^^^^^^^^^^^^^^^^^^^^^^^^^^^^^^^^^^^^
  File "C:\Users\HP\Documents\tito\projects\simba\backend\venv\Lib\site-packages\django\db\models\query.py", line 1560, in _filter_or_exclude
    clone._filter_or_exclude_inplace(negate, args, kwargs)
  File "C:\Users\HP\Documents\tito\projects\simba\backend\venv\Lib\site-packages\django\db\models\query.py", line 1570, in _filter_or_exclude_inplace
    self._query.add_q(Q(*args, **kwargs))
  File "C:\Users\HP\Documents\tito\projects\simba\backend\venv\Lib\site-packages\django\db\models\sql\query.py", line 1676, in add_q
    clause, _ = self._add_q(q_object, can_reuse)
                ^^^^^^^^^^^^^^^^^^^^^^^^^^^^^^^^
  File "C:\Users\HP\Documents\tito\projects\simba\backend\venv\Lib\site-packages\django\db\models\sql\query.py", line 1708, in _add_q
    child_clause, needed_inner = self.build_filter(
                                 ^^^^^^^^^^^^^^^^^^
  File "C:\Users\HP\Documents\tito\projects\simba\backend\venv\Lib\site-packages\django\db\models\sql\query.py", line 1618, in build_filter
    condition = self.build_lookup(lookups, col, value)
                ^^^^^^^^^^^^^^^^^^^^^^^^^^^^^^^^^^^^^^
  File "C:\Users\HP\Documents\tito\projects\simba\backend\venv\Lib\site-packages\django\db\models\sql\query.py", line 1445, in build_lookup
    lookup = lookup_class(lhs, rhs)
             ^^^^^^^^^^^^^^^^^^^^^^
  File "C:\Users\HP\Documents\tito\projects\simba\backend\venv\Lib\site-packages\django\db\models\lookups.py", line 35, in __init__
    self.rhs = self.get_prep_lookup()
               ^^^^^^^^^^^^^^^^^^^^^^
  File "C:\Users\HP\Documents\tito\projects\simba\backend\venv\Lib\site-packages\django\db\models\fields\related_lookups.py", line 113, in get_prep_lookup
    self.rhs = target_field.get_prep_value(self.rhs)
               ^^^^^^^^^^^^^^^^^^^^^^^^^^^^^^^^^^^^^
  File "C:\Users\HP\Documents\tito\projects\simba\backend\venv\Lib\site-packages\django\db\models\fields\__init__.py", line 2130, in get_prep_value
    raise e.__class__(
TypeError: Field 'id' expected a number but got <django.contrib.auth.models.AnonymousUser object at 0x000001DBFC852540>.
2026-03-26 09:30:56,180 | WARNING | drf_yasg.inspectors.base | view's VaccinationRecordViewSet.get_queryset raised exception during schema generation; use `getattr(self, 'swagger_fake_view', False)` to detect and short-circuit this
Traceback (most recent call last):
  File "C:\Users\HP\Documents\tito\projects\simba\backend\venv\Lib\site-packages\django\db\models\fields\__init__.py", line 2128, in get_prep_value
    return int(value)
           ^^^^^^^^^^
  File "C:\Users\HP\Documents\tito\projects\simba\backend\venv\Lib\site-packages\django\contrib\auth\models.py", line 549, in __int__
    raise TypeError(
TypeError: Cannot cast AnonymousUser to int. Are you trying to use it in place of User?

The above exception was the direct cause of the following exception:

Traceback (most recent call last):
  File "C:\Users\HP\Documents\tito\projects\simba\backend\venv\Lib\site-packages\drf_yasg\inspectors\base.py", line 48, in call_view_method
    return view_method()
           ^^^^^^^^^^^^^
  File "C:\Users\HP\Documents\tito\projects\simba\backend\pets\views.py", line 20, in get_queryset
    return VaccinationRecord.objects.filter(pet__owner=self.request.user)
           ^^^^^^^^^^^^^^^^^^^^^^^^^^^^^^^^^^^^^^^^^^^^^^^^^^^^^^^^^^^^^^
  File "C:\Users\HP\Documents\tito\projects\simba\backend\venv\Lib\site-packages\django\db\models\manager.py", line 87, in manager_method
    return getattr(self.get_queryset(), name)(*args, **kwargs)
           ^^^^^^^^^^^^^^^^^^^^^^^^^^^^^^^^^^^^^^^^^^^^^^^^^^^
  File "C:\Users\HP\Documents\tito\projects\simba\backend\venv\Lib\site-packages\django\db\models\query.py", line 1542, in filter
    return self._filter_or_exclude(False, args, kwargs)
           ^^^^^^^^^^^^^^^^^^^^^^^^^^^^^^^^^^^^^^^^^^^^
  File "C:\Users\HP\Documents\tito\projects\simba\backend\venv\Lib\site-packages\django\db\models\query.py", line 1560, in _filter_or_exclude
    clone._filter_or_exclude_inplace(negate, args, kwargs)
  File "C:\Users\HP\Documents\tito\projects\simba\backend\venv\Lib\site-packages\django\db\models\query.py", line 1570, in _filter_or_exclude_inplace
    self._query.add_q(Q(*args, **kwargs))
  File "C:\Users\HP\Documents\tito\projects\simba\backend\venv\Lib\site-packages\django\db\models\sql\query.py", line 1676, in add_q
    clause, _ = self._add_q(q_object, can_reuse)
                ^^^^^^^^^^^^^^^^^^^^^^^^^^^^^^^^
  File "C:\Users\HP\Documents\tito\projects\simba\backend\venv\Lib\site-packages\django\db\models\sql\query.py", line 1708, in _add_q
    child_clause, needed_inner = self.build_filter(
                                 ^^^^^^^^^^^^^^^^^^
  File "C:\Users\HP\Documents\tito\projects\simba\backend\venv\Lib\site-packages\django\db\models\sql\query.py", line 1618, in build_filter
    condition = self.build_lookup(lookups, col, value)
                ^^^^^^^^^^^^^^^^^^^^^^^^^^^^^^^^^^^^^^
  File "C:\Users\HP\Documents\tito\projects\simba\backend\venv\Lib\site-packages\django\db\models\sql\query.py", line 1445, in build_lookup
    lookup = lookup_class(lhs, rhs)
             ^^^^^^^^^^^^^^^^^^^^^^
  File "C:\Users\HP\Documents\tito\projects\simba\backend\venv\Lib\site-packages\django\db\models\lookups.py", line 35, in __init__
    self.rhs = self.get_prep_lookup()
               ^^^^^^^^^^^^^^^^^^^^^^
  File "C:\Users\HP\Documents\tito\projects\simba\backend\venv\Lib\site-packages\django\db\models\fields\related_lookups.py", line 113, in get_prep_lookup
    self.rhs = target_field.get_prep_value(self.rhs)
               ^^^^^^^^^^^^^^^^^^^^^^^^^^^^^^^^^^^^^
  File "C:\Users\HP\Documents\tito\projects\simba\backend\venv\Lib\site-packages\django\db\models\fields\__init__.py", line 2130, in get_prep_value
    raise e.__class__(
TypeError: Field 'id' expected a number but got <django.contrib.auth.models.AnonymousUser object at 0x000001DBFC852540>.
2026-03-26 09:30:56,192 | WARNING | drf_yasg.inspectors.base | view's UserPlanViewSet.get_queryset raised exception during schema generation; use `getattr(self, 'swagger_fake_view', False)` to detect and short-circuit this
Traceback (most recent call last):
  File "C:\Users\HP\Documents\tito\projects\simba\backend\venv\Lib\site-packages\django\db\models\fields\__init__.py", line 2128, in get_prep_value
    return int(value)
           ^^^^^^^^^^
  File "C:\Users\HP\Documents\tito\projects\simba\backend\venv\Lib\site-packages\django\contrib\auth\models.py", line 549, in __int__
    raise TypeError(
TypeError: Cannot cast AnonymousUser to int. Are you trying to use it in place of User?

The above exception was the direct cause of the following exception:

Traceback (most recent call last):
  File "C:\Users\HP\Documents\tito\projects\simba\backend\venv\Lib\site-packages\drf_yasg\inspectors\base.py", line 48, in call_view_method
    return view_method()
           ^^^^^^^^^^^^^
  File "C:\Users\HP\Documents\tito\projects\simba\backend\core\views.py", line 10, in get_queryset
    return UserPlan.objects.filter(user=self.request.user)
           ^^^^^^^^^^^^^^^^^^^^^^^^^^^^^^^^^^^^^^^^^^^^^^^
  File "C:\Users\HP\Documents\tito\projects\simba\backend\venv\Lib\site-packages\django\db\models\manager.py", line 87, in manager_method
    return getattr(self.get_queryset(), name)(*args, **kwargs)
           ^^^^^^^^^^^^^^^^^^^^^^^^^^^^^^^^^^^^^^^^^^^^^^^^^^^
  File "C:\Users\HP\Documents\tito\projects\simba\backend\venv\Lib\site-packages\django\db\models\query.py", line 1542, in filter
    return self._filter_or_exclude(False, args, kwargs)
           ^^^^^^^^^^^^^^^^^^^^^^^^^^^^^^^^^^^^^^^^^^^^
  File "C:\Users\HP\Documents\tito\projects\simba\backend\venv\Lib\site-packages\django\db\models\query.py", line 1560, in _filter_or_exclude
    clone._filter_or_exclude_inplace(negate, args, kwargs)
  File "C:\Users\HP\Documents\tito\projects\simba\backend\venv\Lib\site-packages\django\db\models\query.py", line 1570, in _filter_or_exclude_inplace
    self._query.add_q(Q(*args, **kwargs))
  File "C:\Users\HP\Documents\tito\projects\simba\backend\venv\Lib\site-packages\django\db\models\sql\query.py", line 1676, in add_q
    clause, _ = self._add_q(q_object, can_reuse)
                ^^^^^^^^^^^^^^^^^^^^^^^^^^^^^^^^
  File "C:\Users\HP\Documents\tito\projects\simba\backend\venv\Lib\site-packages\django\db\models\sql\query.py", line 1708, in _add_q
    child_clause, needed_inner = self.build_filter(
                                 ^^^^^^^^^^^^^^^^^^
  File "C:\Users\HP\Documents\tito\projects\simba\backend\venv\Lib\site-packages\django\db\models\sql\query.py", line 1618, in build_filter
    condition = self.build_lookup(lookups, col, value)
                ^^^^^^^^^^^^^^^^^^^^^^^^^^^^^^^^^^^^^^
  File "C:\Users\HP\Documents\tito\projects\simba\backend\venv\Lib\site-packages\django\db\models\sql\query.py", line 1445, in build_lookup
    lookup = lookup_class(lhs, rhs)
             ^^^^^^^^^^^^^^^^^^^^^^
  File "C:\Users\HP\Documents\tito\projects\simba\backend\venv\Lib\site-packages\django\db\models\lookups.py", line 35, in __init__
    self.rhs = self.get_prep_lookup()
               ^^^^^^^^^^^^^^^^^^^^^^
  File "C:\Users\HP\Documents\tito\projects\simba\backend\venv\Lib\site-packages\django\db\models\fields\related_lookups.py", line 113, in get_prep_lookup
    self.rhs = target_field.get_prep_value(self.rhs)
               ^^^^^^^^^^^^^^^^^^^^^^^^^^^^^^^^^^^^^
  File "C:\Users\HP\Documents\tito\projects\simba\backend\venv\Lib\site-packages\django\db\models\fields\__init__.py", line 2130, in get_prep_value
    raise e.__class__(
TypeError: Field 'id' expected a number but got <django.contrib.auth.models.AnonymousUser object at 0x000001DBFC852540>.
2026-03-26 09:30:56,213 | WARNING | drf_yasg.inspectors.base | view's PetViewSet.get_queryset raised exception during schema generation; use `getattr(self, 'swagger_fake_view', False)` to detect and short-circuit this
Traceback (most recent call last):
  File "C:\Users\HP\Documents\tito\projects\simba\backend\venv\Lib\site-packages\django\db\models\fields\__init__.py", line 2128, in get_prep_value
    return int(value)
           ^^^^^^^^^^
  File "C:\Users\HP\Documents\tito\projects\simba\backend\venv\Lib\site-packages\django\contrib\auth\models.py", line 549, in __int__
    raise TypeError(
TypeError: Cannot cast AnonymousUser to int. Are you trying to use it in place of User?

The above exception was the direct cause of the following exception:

Traceback (most recent call last):
  File "C:\Users\HP\Documents\tito\projects\simba\backend\venv\Lib\site-packages\drf_yasg\inspectors\base.py", line 48, in call_view_method
    return view_method()
           ^^^^^^^^^^^^^
  File "C:\Users\HP\Documents\tito\projects\simba\backend\pets\views.py", line 10, in get_queryset
    return Pet.objects.filter(owner=self.request.user)
           ^^^^^^^^^^^^^^^^^^^^^^^^^^^^^^^^^^^^^^^^^^^
  File "C:\Users\HP\Documents\tito\projects\simba\backend\venv\Lib\site-packages\django\db\models\manager.py", line 87, in manager_method
    return getattr(self.get_queryset(), name)(*args, **kwargs)
           ^^^^^^^^^^^^^^^^^^^^^^^^^^^^^^^^^^^^^^^^^^^^^^^^^^^
  File "C:\Users\HP\Documents\tito\projects\simba\backend\venv\Lib\site-packages\django\db\models\query.py", line 1542, in filter
    return self._filter_or_exclude(False, args, kwargs)
           ^^^^^^^^^^^^^^^^^^^^^^^^^^^^^^^^^^^^^^^^^^^^
  File "C:\Users\HP\Documents\tito\projects\simba\backend\venv\Lib\site-packages\django\db\models\query.py", line 1560, in _filter_or_exclude
    clone._filter_or_exclude_inplace(negate, args, kwargs)
  File "C:\Users\HP\Documents\tito\projects\simba\backend\venv\Lib\site-packages\django\db\models\query.py", line 1570, in _filter_or_exclude_inplace
    self._query.add_q(Q(*args, **kwargs))
  File "C:\Users\HP\Documents\tito\projects\simba\backend\venv\Lib\site-packages\django\db\models\sql\query.py", line 1676, in add_q
    clause, _ = self._add_q(q_object, can_reuse)
                ^^^^^^^^^^^^^^^^^^^^^^^^^^^^^^^^
  File "C:\Users\HP\Documents\tito\projects\simba\backend\venv\Lib\site-packages\django\db\models\sql\query.py", line 1708, in _add_q
    child_clause, needed_inner = self.build_filter(
                                 ^^^^^^^^^^^^^^^^^^
  File "C:\Users\HP\Documents\tito\projects\simba\backend\venv\Lib\site-packages\django\db\models\sql\query.py", line 1618, in build_filter
    condition = self.build_lookup(lookups, col, value)
                ^^^^^^^^^^^^^^^^^^^^^^^^^^^^^^^^^^^^^^
  File "C:\Users\HP\Documents\tito\projects\simba\backend\venv\Lib\site-packages\django\db\models\sql\query.py", line 1445, in build_lookup
    lookup = lookup_class(lhs, rhs)
             ^^^^^^^^^^^^^^^^^^^^^^
  File "C:\Users\HP\Documents\tito\projects\simba\backend\venv\Lib\site-packages\django\db\models\lookups.py", line 35, in __init__
    self.rhs = self.get_prep_lookup()
               ^^^^^^^^^^^^^^^^^^^^^^
  File "C:\Users\HP\Documents\tito\projects\simba\backend\venv\Lib\site-packages\django\db\models\fields\related_lookups.py", line 113, in get_prep_lookup
    self.rhs = target_field.get_prep_value(self.rhs)
               ^^^^^^^^^^^^^^^^^^^^^^^^^^^^^^^^^^^^^
  File "C:\Users\HP\Documents\tito\projects\simba\backend\venv\Lib\site-packages\django\db\models\fields\__init__.py", line 2130, in get_prep_value
    raise e.__class__(
TypeError: Field 'id' expected a number but got <django.contrib.auth.models.AnonymousUser object at 0x000001DBFC852540>.
2026-03-26 09:30:56,231 | WARNING | drf_yasg.inspectors.base | view's VaccinationRecordViewSet.get_queryset raised exception during schema generation; use `getattr(self, 'swagger_fake_view', False)` to detect and short-circuit this
Traceback (most recent call last):
  File "C:\Users\HP\Documents\tito\projects\simba\backend\venv\Lib\site-packages\django\db\models\fields\__init__.py", line 2128, in get_prep_value
    return int(value)
           ^^^^^^^^^^
  File "C:\Users\HP\Documents\tito\projects\simba\backend\venv\Lib\site-packages\django\contrib\auth\models.py", line 549, in __int__
    raise TypeError(
TypeError: Cannot cast AnonymousUser to int. Are you trying to use it in place of User?

The above exception was the direct cause of the following exception:

Traceback (most recent call last):
  File "C:\Users\HP\Documents\tito\projects\simba\backend\venv\Lib\site-packages\drf_yasg\inspectors\base.py", line 48, in call_view_method
    return view_method()
           ^^^^^^^^^^^^^
  File "C:\Users\HP\Documents\tito\projects\simba\backend\pets\views.py", line 20, in get_queryset
    return VaccinationRecord.objects.filter(pet__owner=self.request.user)
           ^^^^^^^^^^^^^^^^^^^^^^^^^^^^^^^^^^^^^^^^^^^^^^^^^^^^^^^^^^^^^^
  File "C:\Users\HP\Documents\tito\projects\simba\backend\venv\Lib\site-packages\django\db\models\manager.py", line 87, in manager_method
    return getattr(self.get_queryset(), name)(*args, **kwargs)
           ^^^^^^^^^^^^^^^^^^^^^^^^^^^^^^^^^^^^^^^^^^^^^^^^^^^
  File "C:\Users\HP\Documents\tito\projects\simba\backend\venv\Lib\site-packages\django\db\models\query.py", line 1542, in filter
    return self._filter_or_exclude(False, args, kwargs)
           ^^^^^^^^^^^^^^^^^^^^^^^^^^^^^^^^^^^^^^^^^^^^
  File "C:\Users\HP\Documents\tito\projects\simba\backend\venv\Lib\site-packages\django\db\models\query.py", line 1560, in _filter_or_exclude
    clone._filter_or_exclude_inplace(negate, args, kwargs)
  File "C:\Users\HP\Documents\tito\projects\simba\backend\venv\Lib\site-packages\django\db\models\query.py", line 1570, in _filter_or_exclude_inplace
    self._query.add_q(Q(*args, **kwargs))
  File "C:\Users\HP\Documents\tito\projects\simba\backend\venv\Lib\site-packages\django\db\models\sql\query.py", line 1676, in add_q
    clause, _ = self._add_q(q_object, can_reuse)
                ^^^^^^^^^^^^^^^^^^^^^^^^^^^^^^^^
  File "C:\Users\HP\Documents\tito\projects\simba\backend\venv\Lib\site-packages\django\db\models\sql\query.py", line 1708, in _add_q
    child_clause, needed_inner = self.build_filter(
                                 ^^^^^^^^^^^^^^^^^^
  File "C:\Users\HP\Documents\tito\projects\simba\backend\venv\Lib\site-packages\django\db\models\sql\query.py", line 1618, in build_filter
    condition = self.build_lookup(lookups, col, value)
                ^^^^^^^^^^^^^^^^^^^^^^^^^^^^^^^^^^^^^^
  File "C:\Users\HP\Documents\tito\projects\simba\backend\venv\Lib\site-packages\django\db\models\sql\query.py", line 1445, in build_lookup
    lookup = lookup_class(lhs, rhs)
             ^^^^^^^^^^^^^^^^^^^^^^
  File "C:\Users\HP\Documents\tito\projects\simba\backend\venv\Lib\site-packages\django\db\models\lookups.py", line 35, in __init__
    self.rhs = self.get_prep_lookup()
               ^^^^^^^^^^^^^^^^^^^^^^
  File "C:\Users\HP\Documents\tito\projects\simba\backend\venv\Lib\site-packages\django\db\models\fields\related_lookups.py", line 113, in get_prep_lookup
    self.rhs = target_field.get_prep_value(self.rhs)
               ^^^^^^^^^^^^^^^^^^^^^^^^^^^^^^^^^^^^^
  File "C:\Users\HP\Documents\tito\projects\simba\backend\venv\Lib\site-packages\django\db\models\fields\__init__.py", line 2130, in get_prep_value
    raise e.__class__(
TypeError: Field 'id' expected a number but got <django.contrib.auth.models.AnonymousUser object at 0x000001DBFC852540>.
2026-03-26 09:30:56,241 | WARNING | drf_yasg.inspectors.base | view's UserPlanViewSet.get_queryset raised exception during schema generation; use `getattr(self, 'swagger_fake_view', False)` to detect and short-circuit this
Traceback (most recent call last):
  File "C:\Users\HP\Documents\tito\projects\simba\backend\venv\Lib\site-packages\django\db\models\fields\__init__.py", line 2128, in get_prep_value
    return int(value)
           ^^^^^^^^^^
  File "C:\Users\HP\Documents\tito\projects\simba\backend\venv\Lib\site-packages\django\contrib\auth\models.py", line 549, in __int__
    raise TypeError(
TypeError: Cannot cast AnonymousUser to int. Are you trying to use it in place of User?

The above exception was the direct cause of the following exception:

Traceback (most recent call last):
  File "C:\Users\HP\Documents\tito\projects\simba\backend\venv\Lib\site-packages\drf_yasg\inspectors\base.py", line 48, in call_view_method
    return view_method()
           ^^^^^^^^^^^^^
  File "C:\Users\HP\Documents\tito\projects\simba\backend\core\views.py", line 10, in get_queryset
    return UserPlan.objects.filter(user=self.request.user)
           ^^^^^^^^^^^^^^^^^^^^^^^^^^^^^^^^^^^^^^^^^^^^^^^
  File "C:\Users\HP\Documents\tito\projects\simba\backend\venv\Lib\site-packages\django\db\models\manager.py", line 87, in manager_method
    return getattr(self.get_queryset(), name)(*args, **kwargs)
           ^^^^^^^^^^^^^^^^^^^^^^^^^^^^^^^^^^^^^^^^^^^^^^^^^^^
  File "C:\Users\HP\Documents\tito\projects\simba\backend\venv\Lib\site-packages\django\db\models\query.py", line 1542, in filter
    return self._filter_or_exclude(False, args, kwargs)
           ^^^^^^^^^^^^^^^^^^^^^^^^^^^^^^^^^^^^^^^^^^^^
  File "C:\Users\HP\Documents\tito\projects\simba\backend\venv\Lib\site-packages\django\db\models\query.py", line 1560, in _filter_or_exclude
    clone._filter_or_exclude_inplace(negate, args, kwargs)
  File "C:\Users\HP\Documents\tito\projects\simba\backend\venv\Lib\site-packages\django\db\models\query.py", line 1570, in _filter_or_exclude_inplace
    self._query.add_q(Q(*args, **kwargs))
  File "C:\Users\HP\Documents\tito\projects\simba\backend\venv\Lib\site-packages\django\db\models\sql\query.py", line 1676, in add_q
    clause, _ = self._add_q(q_object, can_reuse)
                ^^^^^^^^^^^^^^^^^^^^^^^^^^^^^^^^
  File "C:\Users\HP\Documents\tito\projects\simba\backend\venv\Lib\site-packages\django\db\models\sql\query.py", line 1708, in _add_q
    child_clause, needed_inner = self.build_filter(
                                 ^^^^^^^^^^^^^^^^^^
  File "C:\Users\HP\Documents\tito\projects\simba\backend\venv\Lib\site-packages\django\db\models\sql\query.py", line 1618, in build_filter
    condition = self.build_lookup(lookups, col, value)
                ^^^^^^^^^^^^^^^^^^^^^^^^^^^^^^^^^^^^^^
  File "C:\Users\HP\Documents\tito\projects\simba\backend\venv\Lib\site-packages\django\db\models\sql\query.py", line 1445, in build_lookup
    lookup = lookup_class(lhs, rhs)
             ^^^^^^^^^^^^^^^^^^^^^^
  File "C:\Users\HP\Documents\tito\projects\simba\backend\venv\Lib\site-packages\django\db\models\lookups.py", line 35, in __init__
    self.rhs = self.get_prep_lookup()
               ^^^^^^^^^^^^^^^^^^^^^^
  File "C:\Users\HP\Documents\tito\projects\simba\backend\venv\Lib\site-packages\django\db\models\fields\related_lookups.py", line 113, in get_prep_lookup
    self.rhs = target_field.get_prep_value(self.rhs)
               ^^^^^^^^^^^^^^^^^^^^^^^^^^^^^^^^^^^^^
  File "C:\Users\HP\Documents\tito\projects\simba\backend\venv\Lib\site-packages\django\db\models\fields\__init__.py", line 2130, in get_prep_value
    raise e.__class__(
TypeError: Field 'id' expected a number but got <django.contrib.auth.models.AnonymousUser object at 0x000001DBFC852540>.
2026-03-26 09:30:56,261 | WARNING | drf_yasg.inspectors.base | view's PetViewSet.get_queryset raised exception during schema generation; use `getattr(self, 'swagger_fake_view', False)` to detect and short-circuit this
Traceback (most recent call last):
  File "C:\Users\HP\Documents\tito\projects\simba\backend\venv\Lib\site-packages\django\db\models\fields\__init__.py", line 2128, in get_prep_value
    return int(value)
           ^^^^^^^^^^
  File "C:\Users\HP\Documents\tito\projects\simba\backend\venv\Lib\site-packages\django\contrib\auth\models.py", line 549, in __int__
    raise TypeError(
TypeError: Cannot cast AnonymousUser to int. Are you trying to use it in place of User?

The above exception was the direct cause of the following exception:

Traceback (most recent call last):
  File "C:\Users\HP\Documents\tito\projects\simba\backend\venv\Lib\site-packages\drf_yasg\inspectors\base.py", line 48, in call_view_method
    return view_method()
           ^^^^^^^^^^^^^
  File "C:\Users\HP\Documents\tito\projects\simba\backend\pets\views.py", line 10, in get_queryset
    return Pet.objects.filter(owner=self.request.user)
           ^^^^^^^^^^^^^^^^^^^^^^^^^^^^^^^^^^^^^^^^^^^
  File "C:\Users\HP\Documents\tito\projects\simba\backend\venv\Lib\site-packages\django\db\models\manager.py", line 87, in manager_method
    return getattr(self.get_queryset(), name)(*args, **kwargs)
           ^^^^^^^^^^^^^^^^^^^^^^^^^^^^^^^^^^^^^^^^^^^^^^^^^^^
  File "C:\Users\HP\Documents\tito\projects\simba\backend\venv\Lib\site-packages\django\db\models\query.py", line 1542, in filter
    return self._filter_or_exclude(False, args, kwargs)
           ^^^^^^^^^^^^^^^^^^^^^^^^^^^^^^^^^^^^^^^^^^^^
  File "C:\Users\HP\Documents\tito\projects\simba\backend\venv\Lib\site-packages\django\db\models\query.py", line 1560, in _filter_or_exclude
    clone._filter_or_exclude_inplace(negate, args, kwargs)
  File "C:\Users\HP\Documents\tito\projects\simba\backend\venv\Lib\site-packages\django\db\models\query.py", line 1570, in _filter_or_exclude_inplace
    self._query.add_q(Q(*args, **kwargs))
  File "C:\Users\HP\Documents\tito\projects\simba\backend\venv\Lib\site-packages\django\db\models\sql\query.py", line 1676, in add_q
    clause, _ = self._add_q(q_object, can_reuse)
                ^^^^^^^^^^^^^^^^^^^^^^^^^^^^^^^^
  File "C:\Users\HP\Documents\tito\projects\simba\backend\venv\Lib\site-packages\django\db\models\sql\query.py", line 1708, in _add_q
    child_clause, needed_inner = self.build_filter(
                                 ^^^^^^^^^^^^^^^^^^
  File "C:\Users\HP\Documents\tito\projects\simba\backend\venv\Lib\site-packages\django\db\models\sql\query.py", line 1618, in build_filter
    condition = self.build_lookup(lookups, col, value)
                ^^^^^^^^^^^^^^^^^^^^^^^^^^^^^^^^^^^^^^
  File "C:\Users\HP\Documents\tito\projects\simba\backend\venv\Lib\site-packages\django\db\models\sql\query.py", line 1445, in build_lookup
    lookup = lookup_class(lhs, rhs)
             ^^^^^^^^^^^^^^^^^^^^^^
  File "C:\Users\HP\Documents\tito\projects\simba\backend\venv\Lib\site-packages\django\db\models\lookups.py", line 35, in __init__
    self.rhs = self.get_prep_lookup()
               ^^^^^^^^^^^^^^^^^^^^^^
  File "C:\Users\HP\Documents\tito\projects\simba\backend\venv\Lib\site-packages\django\db\models\fields\related_lookups.py", line 113, in get_prep_lookup
    self.rhs = target_field.get_prep_value(self.rhs)
               ^^^^^^^^^^^^^^^^^^^^^^^^^^^^^^^^^^^^^
  File "C:\Users\HP\Documents\tito\projects\simba\backend\venv\Lib\site-packages\django\db\models\fields\__init__.py", line 2130, in get_prep_value
    raise e.__class__(
TypeError: Field 'id' expected a number but got <django.contrib.auth.models.AnonymousUser object at 0x000001DBFC852540>.
2026-03-26 09:30:56,305 | WARNING | drf_yasg.inspectors.base | view's VaccinationRecordViewSet.get_queryset raised exception during schema generation; use `getattr(self, 'swagger_fake_view', False)` to detect and short-circuit this
Traceback (most recent call last):
  File "C:\Users\HP\Documents\tito\projects\simba\backend\venv\Lib\site-packages\django\db\models\fields\__init__.py", line 2128, in get_prep_value
    return int(value)
           ^^^^^^^^^^
  File "C:\Users\HP\Documents\tito\projects\simba\backend\venv\Lib\site-packages\django\contrib\auth\models.py", line 549, in __int__
    raise TypeError(
TypeError: Cannot cast AnonymousUser to int. Are you trying to use it in place of User?

The above exception was the direct cause of the following exception:

Traceback (most recent call last):
  File "C:\Users\HP\Documents\tito\projects\simba\backend\venv\Lib\site-packages\drf_yasg\inspectors\base.py", line 48, in call_view_method
    return view_method()
           ^^^^^^^^^^^^^
  File "C:\Users\HP\Documents\tito\projects\simba\backend\pets\views.py", line 20, in get_queryset
    return VaccinationRecord.objects.filter(pet__owner=self.request.user)
           ^^^^^^^^^^^^^^^^^^^^^^^^^^^^^^^^^^^^^^^^^^^^^^^^^^^^^^^^^^^^^^
  File "C:\Users\HP\Documents\tito\projects\simba\backend\venv\Lib\site-packages\django\db\models\manager.py", line 87, in manager_method
    return getattr(self.get_queryset(), name)(*args, **kwargs)
           ^^^^^^^^^^^^^^^^^^^^^^^^^^^^^^^^^^^^^^^^^^^^^^^^^^^
  File "C:\Users\HP\Documents\tito\projects\simba\backend\venv\Lib\site-packages\django\db\models\query.py", line 1542, in filter
    return self._filter_or_exclude(False, args, kwargs)
           ^^^^^^^^^^^^^^^^^^^^^^^^^^^^^^^^^^^^^^^^^^^^
  File "C:\Users\HP\Documents\tito\projects\simba\backend\venv\Lib\site-packages\django\db\models\query.py", line 1560, in _filter_or_exclude
    clone._filter_or_exclude_inplace(negate, args, kwargs)
  File "C:\Users\HP\Documents\tito\projects\simba\backend\venv\Lib\site-packages\django\db\models\query.py", line 1570, in _filter_or_exclude_inplace
    self._query.add_q(Q(*args, **kwargs))
  File "C:\Users\HP\Documents\tito\projects\simba\backend\venv\Lib\site-packages\django\db\models\sql\query.py", line 1676, in add_q
    clause, _ = self._add_q(q_object, can_reuse)
                ^^^^^^^^^^^^^^^^^^^^^^^^^^^^^^^^
  File "C:\Users\HP\Documents\tito\projects\simba\backend\venv\Lib\site-packages\django\db\models\sql\query.py", line 1708, in _add_q
    child_clause, needed_inner = self.build_filter(
                                 ^^^^^^^^^^^^^^^^^^
  File "C:\Users\HP\Documents\tito\projects\simba\backend\venv\Lib\site-packages\django\db\models\sql\query.py", line 1618, in build_filter
    condition = self.build_lookup(lookups, col, value)
                ^^^^^^^^^^^^^^^^^^^^^^^^^^^^^^^^^^^^^^
  File "C:\Users\HP\Documents\tito\projects\simba\backend\venv\Lib\site-packages\django\db\models\sql\query.py", line 1445, in build_lookup
    lookup = lookup_class(lhs, rhs)
             ^^^^^^^^^^^^^^^^^^^^^^
  File "C:\Users\HP\Documents\tito\projects\simba\backend\venv\Lib\site-packages\django\db\models\lookups.py", line 35, in __init__
    self.rhs = self.get_prep_lookup()
               ^^^^^^^^^^^^^^^^^^^^^^
  File "C:\Users\HP\Documents\tito\projects\simba\backend\venv\Lib\site-packages\django\db\models\fields\related_lookups.py", line 113, in get_prep_lookup
    self.rhs = target_field.get_prep_value(self.rhs)
               ^^^^^^^^^^^^^^^^^^^^^^^^^^^^^^^^^^^^^
  File "C:\Users\HP\Documents\tito\projects\simba\backend\venv\Lib\site-packages\django\db\models\fields\__init__.py", line 2130, in get_prep_value
    raise e.__class__(
TypeError: Field 'id' expected a number but got <django.contrib.auth.models.AnonymousUser object at 0x000001DBFC852540>.
2026-03-26 09:30:56,310 | WARNING | drf_yasg.inspectors.base | view's UserPlanViewSet.get_queryset raised exception during schema generation; use `getattr(self, 'swagger_fake_view', False)` to detect and short-circuit this
Traceback (most recent call last):
  File "C:\Users\HP\Documents\tito\projects\simba\backend\venv\Lib\site-packages\django\db\models\fields\__init__.py", line 2128, in get_prep_value
    return int(value)
           ^^^^^^^^^^
  File "C:\Users\HP\Documents\tito\projects\simba\backend\venv\Lib\site-packages\django\contrib\auth\models.py", line 549, in __int__
    raise TypeError(
TypeError: Cannot cast AnonymousUser to int. Are you trying to use it in place of User?

The above exception was the direct cause of the following exception:

Traceback (most recent call last):
  File "C:\Users\HP\Documents\tito\projects\simba\backend\venv\Lib\site-packages\drf_yasg\inspectors\base.py", line 48, in call_view_method
    return view_method()
           ^^^^^^^^^^^^^
  File "C:\Users\HP\Documents\tito\projects\simba\backend\core\views.py", line 10, in get_queryset
    return UserPlan.objects.filter(user=self.request.user)
           ^^^^^^^^^^^^^^^^^^^^^^^^^^^^^^^^^^^^^^^^^^^^^^^
  File "C:\Users\HP\Documents\tito\projects\simba\backend\venv\Lib\site-packages\django\db\models\manager.py", line 87, in manager_method
    return getattr(self.get_queryset(), name)(*args, **kwargs)
           ^^^^^^^^^^^^^^^^^^^^^^^^^^^^^^^^^^^^^^^^^^^^^^^^^^^
  File "C:\Users\HP\Documents\tito\projects\simba\backend\venv\Lib\site-packages\django\db\models\query.py", line 1542, in filter
    return self._filter_or_exclude(False, args, kwargs)
           ^^^^^^^^^^^^^^^^^^^^^^^^^^^^^^^^^^^^^^^^^^^^
  File "C:\Users\HP\Documents\tito\projects\simba\backend\venv\Lib\site-packages\django\db\models\query.py", line 1560, in _filter_or_exclude
    clone._filter_or_exclude_inplace(negate, args, kwargs)
  File "C:\Users\HP\Documents\tito\projects\simba\backend\venv\Lib\site-packages\django\db\models\query.py", line 1570, in _filter_or_exclude_inplace
    self._query.add_q(Q(*args, **kwargs))
  File "C:\Users\HP\Documents\tito\projects\simba\backend\venv\Lib\site-packages\django\db\models\sql\query.py", line 1676, in add_q
    clause, _ = self._add_q(q_object, can_reuse)
                ^^^^^^^^^^^^^^^^^^^^^^^^^^^^^^^^
  File "C:\Users\HP\Documents\tito\projects\simba\backend\venv\Lib\site-packages\django\db\models\sql\query.py", line 1708, in _add_q
    child_clause, needed_inner = self.build_filter(
                                 ^^^^^^^^^^^^^^^^^^
  File "C:\Users\HP\Documents\tito\projects\simba\backend\venv\Lib\site-packages\django\db\models\sql\query.py", line 1618, in build_filter
    condition = self.build_lookup(lookups, col, value)
                ^^^^^^^^^^^^^^^^^^^^^^^^^^^^^^^^^^^^^^
  File "C:\Users\HP\Documents\tito\projects\simba\backend\venv\Lib\site-packages\django\db\models\sql\query.py", line 1445, in build_lookup
    lookup = lookup_class(lhs, rhs)
             ^^^^^^^^^^^^^^^^^^^^^^
  File "C:\Users\HP\Documents\tito\projects\simba\backend\venv\Lib\site-packages\django\db\models\lookups.py", line 35, in __init__
    self.rhs = self.get_prep_lookup()
               ^^^^^^^^^^^^^^^^^^^^^^
  File "C:\Users\HP\Documents\tito\projects\simba\backend\venv\Lib\site-packages\django\db\models\fields\related_lookups.py", line 113, in get_prep_lookup
    self.rhs = target_field.get_prep_value(self.rhs)
               ^^^^^^^^^^^^^^^^^^^^^^^^^^^^^^^^^^^^^
  File "C:\Users\HP\Documents\tito\projects\simba\backend\venv\Lib\site-packages\django\db\models\fields\__init__.py", line 2130, in get_prep_value
    raise e.__class__(
TypeError: Field 'id' expected a number but got <django.contrib.auth.models.AnonymousUser object at 0x000001DBFC852540>.
2026-03-26 09:30:56,316 | WARNING | drf_yasg.inspectors.base | view's PetViewSet.get_queryset raised exception during schema generation; use `getattr(self, 'swagger_fake_view', False)` to detect and short-circuit this
Traceback (most recent call last):
  File "C:\Users\HP\Documents\tito\projects\simba\backend\venv\Lib\site-packages\django\db\models\fields\__init__.py", line 2128, in get_prep_value
    return int(value)
           ^^^^^^^^^^
  File "C:\Users\HP\Documents\tito\projects\simba\backend\venv\Lib\site-packages\django\contrib\auth\models.py", line 549, in __int__
    raise TypeError(
TypeError: Cannot cast AnonymousUser to int. Are you trying to use it in place of User?

The above exception was the direct cause of the following exception:

Traceback (most recent call last):
  File "C:\Users\HP\Documents\tito\projects\simba\backend\venv\Lib\site-packages\drf_yasg\inspectors\base.py", line 48, in call_view_method
    return view_method()
           ^^^^^^^^^^^^^
  File "C:\Users\HP\Documents\tito\projects\simba\backend\pets\views.py", line 10, in get_queryset
    return Pet.objects.filter(owner=self.request.user)
           ^^^^^^^^^^^^^^^^^^^^^^^^^^^^^^^^^^^^^^^^^^^
  File "C:\Users\HP\Documents\tito\projects\simba\backend\venv\Lib\site-packages\django\db\models\manager.py", line 87, in manager_method
    return getattr(self.get_queryset(), name)(*args, **kwargs)
           ^^^^^^^^^^^^^^^^^^^^^^^^^^^^^^^^^^^^^^^^^^^^^^^^^^^
  File "C:\Users\HP\Documents\tito\projects\simba\backend\venv\Lib\site-packages\django\db\models\query.py", line 1542, in filter
    return self._filter_or_exclude(False, args, kwargs)
           ^^^^^^^^^^^^^^^^^^^^^^^^^^^^^^^^^^^^^^^^^^^^
  File "C:\Users\HP\Documents\tito\projects\simba\backend\venv\Lib\site-packages\django\db\models\query.py", line 1560, in _filter_or_exclude
    clone._filter_or_exclude_inplace(negate, args, kwargs)
  File "C:\Users\HP\Documents\tito\projects\simba\backend\venv\Lib\site-packages\django\db\models\query.py", line 1570, in _filter_or_exclude_inplace
    self._query.add_q(Q(*args, **kwargs))
  File "C:\Users\HP\Documents\tito\projects\simba\backend\venv\Lib\site-packages\django\db\models\sql\query.py", line 1676, in add_q
    clause, _ = self._add_q(q_object, can_reuse)
                ^^^^^^^^^^^^^^^^^^^^^^^^^^^^^^^^
  File "C:\Users\HP\Documents\tito\projects\simba\backend\venv\Lib\site-packages\django\db\models\sql\query.py", line 1708, in _add_q
    child_clause, needed_inner = self.build_filter(
                                 ^^^^^^^^^^^^^^^^^^
  File "C:\Users\HP\Documents\tito\projects\simba\backend\venv\Lib\site-packages\django\db\models\sql\query.py", line 1618, in build_filter
    condition = self.build_lookup(lookups, col, value)
                ^^^^^^^^^^^^^^^^^^^^^^^^^^^^^^^^^^^^^^
  File "C:\Users\HP\Documents\tito\projects\simba\backend\venv\Lib\site-packages\django\db\models\sql\query.py", line 1445, in build_lookup
    lookup = lookup_class(lhs, rhs)
             ^^^^^^^^^^^^^^^^^^^^^^
  File "C:\Users\HP\Documents\tito\projects\simba\backend\venv\Lib\site-packages\django\db\models\lookups.py", line 35, in __init__
    self.rhs = self.get_prep_lookup()
               ^^^^^^^^^^^^^^^^^^^^^^
  File "C:\Users\HP\Documents\tito\projects\simba\backend\venv\Lib\site-packages\django\db\models\fields\related_lookups.py", line 113, in get_prep_lookup
    self.rhs = target_field.get_prep_value(self.rhs)
               ^^^^^^^^^^^^^^^^^^^^^^^^^^^^^^^^^^^^^
  File "C:\Users\HP\Documents\tito\projects\simba\backend\venv\Lib\site-packages\django\db\models\fields\__init__.py", line 2130, in get_prep_value
    raise e.__class__(
TypeError: Field 'id' expected a number but got <django.contrib.auth.models.AnonymousUser object at 0x000001DBFC852540>.
2026-03-26 09:30:56,321 | WARNING | drf_yasg.inspectors.base | view's VaccinationRecordViewSet.get_queryset raised exception during schema generation; use `getattr(self, 'swagger_fake_view', False)` to detect and short-circuit this
Traceback (most recent call last):
  File "C:\Users\HP\Documents\tito\projects\simba\backend\venv\Lib\site-packages\django\db\models\fields\__init__.py", line 2128, in get_prep_value
    return int(value)
           ^^^^^^^^^^
  File "C:\Users\HP\Documents\tito\projects\simba\backend\venv\Lib\site-packages\django\contrib\auth\models.py", line 549, in __int__
    raise TypeError(
TypeError: Cannot cast AnonymousUser to int. Are you trying to use it in place of User?

The above exception was the direct cause of the following exception:

Traceback (most recent call last):
  File "C:\Users\HP\Documents\tito\projects\simba\backend\venv\Lib\site-packages\drf_yasg\inspectors\base.py", line 48, in call_view_method
    return view_method()
           ^^^^^^^^^^^^^
  File "C:\Users\HP\Documents\tito\projects\simba\backend\pets\views.py", line 20, in get_queryset
    return VaccinationRecord.objects.filter(pet__owner=self.request.user)
           ^^^^^^^^^^^^^^^^^^^^^^^^^^^^^^^^^^^^^^^^^^^^^^^^^^^^^^^^^^^^^^
  File "C:\Users\HP\Documents\tito\projects\simba\backend\venv\Lib\site-packages\django\db\models\manager.py", line 87, in manager_method
    return getattr(self.get_queryset(), name)(*args, **kwargs)
           ^^^^^^^^^^^^^^^^^^^^^^^^^^^^^^^^^^^^^^^^^^^^^^^^^^^
  File "C:\Users\HP\Documents\tito\projects\simba\backend\venv\Lib\site-packages\django\db\models\query.py", line 1542, in filter
    return self._filter_or_exclude(False, args, kwargs)
           ^^^^^^^^^^^^^^^^^^^^^^^^^^^^^^^^^^^^^^^^^^^^
  File "C:\Users\HP\Documents\tito\projects\simba\backend\venv\Lib\site-packages\django\db\models\query.py", line 1560, in _filter_or_exclude
    clone._filter_or_exclude_inplace(negate, args, kwargs)
  File "C:\Users\HP\Documents\tito\projects\simba\backend\venv\Lib\site-packages\django\db\models\query.py", line 1570, in _filter_or_exclude_inplace
    self._query.add_q(Q(*args, **kwargs))
  File "C:\Users\HP\Documents\tito\projects\simba\backend\venv\Lib\site-packages\django\db\models\sql\query.py", line 1676, in add_q
    clause, _ = self._add_q(q_object, can_reuse)
                ^^^^^^^^^^^^^^^^^^^^^^^^^^^^^^^^
  File "C:\Users\HP\Documents\tito\projects\simba\backend\venv\Lib\site-packages\django\db\models\sql\query.py", line 1708, in _add_q
    child_clause, needed_inner = self.build_filter(
                                 ^^^^^^^^^^^^^^^^^^
  File "C:\Users\HP\Documents\tito\projects\simba\backend\venv\Lib\site-packages\django\db\models\sql\query.py", line 1618, in build_filter
    condition = self.build_lookup(lookups, col, value)
                ^^^^^^^^^^^^^^^^^^^^^^^^^^^^^^^^^^^^^^
  File "C:\Users\HP\Documents\tito\projects\simba\backend\venv\Lib\site-packages\django\db\models\sql\query.py", line 1445, in build_lookup
    lookup = lookup_class(lhs, rhs)
             ^^^^^^^^^^^^^^^^^^^^^^
  File "C:\Users\HP\Documents\tito\projects\simba\backend\venv\Lib\site-packages\django\db\models\lookups.py", line 35, in __init__
    self.rhs = self.get_prep_lookup()
               ^^^^^^^^^^^^^^^^^^^^^^
  File "C:\Users\HP\Documents\tito\projects\simba\backend\venv\Lib\site-packages\django\db\models\fields\related_lookups.py", line 113, in get_prep_lookup
    self.rhs = target_field.get_prep_value(self.rhs)
               ^^^^^^^^^^^^^^^^^^^^^^^^^^^^^^^^^^^^^
  File "C:\Users\HP\Documents\tito\projects\simba\backend\venv\Lib\site-packages\django\db\models\fields\__init__.py", line 2130, in get_prep_value
    raise e.__class__(
TypeError: Field 'id' expected a number but got <django.contrib.auth.models.AnonymousUser object at 0x000001DBFC852540>.
2026-03-26 09:30:56,325 | WARNING | drf_yasg.inspectors.base | view's UserPlanViewSet.get_queryset raised exception during schema generation; use `getattr(self, 'swagger_fake_view', False)` to detect and short-circuit this
Traceback (most recent call last):
  File "C:\Users\HP\Documents\tito\projects\simba\backend\venv\Lib\site-packages\django\db\models\fields\__init__.py", line 2128, in get_prep_value
    return int(value)
           ^^^^^^^^^^
  File "C:\Users\HP\Documents\tito\projects\simba\backend\venv\Lib\site-packages\django\contrib\auth\models.py", line 549, in __int__
    raise TypeError(
TypeError: Cannot cast AnonymousUser to int. Are you trying to use it in place of User?

The above exception was the direct cause of the following exception:

Traceback (most recent call last):
  File "C:\Users\HP\Documents\tito\projects\simba\backend\venv\Lib\site-packages\drf_yasg\inspectors\base.py", line 48, in call_view_method
    return view_method()
           ^^^^^^^^^^^^^
  File "C:\Users\HP\Documents\tito\projects\simba\backend\core\views.py", line 10, in get_queryset
    return UserPlan.objects.filter(user=self.request.user)
           ^^^^^^^^^^^^^^^^^^^^^^^^^^^^^^^^^^^^^^^^^^^^^^^
  File "C:\Users\HP\Documents\tito\projects\simba\backend\venv\Lib\site-packages\django\db\models\manager.py", line 87, in manager_method
    return getattr(self.get_queryset(), name)(*args, **kwargs)
           ^^^^^^^^^^^^^^^^^^^^^^^^^^^^^^^^^^^^^^^^^^^^^^^^^^^
  File "C:\Users\HP\Documents\tito\projects\simba\backend\venv\Lib\site-packages\django\db\models\query.py", line 1542, in filter
    return self._filter_or_exclude(False, args, kwargs)
           ^^^^^^^^^^^^^^^^^^^^^^^^^^^^^^^^^^^^^^^^^^^^
  File "C:\Users\HP\Documents\tito\projects\simba\backend\venv\Lib\site-packages\django\db\models\query.py", line 1560, in _filter_or_exclude
    clone._filter_or_exclude_inplace(negate, args, kwargs)
  File "C:\Users\HP\Documents\tito\projects\simba\backend\venv\Lib\site-packages\django\db\models\query.py", line 1570, in _filter_or_exclude_inplace
    self._query.add_q(Q(*args, **kwargs))
  File "C:\Users\HP\Documents\tito\projects\simba\backend\venv\Lib\site-packages\django\db\models\sql\query.py", line 1676, in add_q
    clause, _ = self._add_q(q_object, can_reuse)
                ^^^^^^^^^^^^^^^^^^^^^^^^^^^^^^^^
  File "C:\Users\HP\Documents\tito\projects\simba\backend\venv\Lib\site-packages\django\db\models\sql\query.py", line 1708, in _add_q
    child_clause, needed_inner = self.build_filter(
                                 ^^^^^^^^^^^^^^^^^^
  File "C:\Users\HP\Documents\tito\projects\simba\backend\venv\Lib\site-packages\django\db\models\sql\query.py", line 1618, in build_filter
    condition = self.build_lookup(lookups, col, value)
                ^^^^^^^^^^^^^^^^^^^^^^^^^^^^^^^^^^^^^^
  File "C:\Users\HP\Documents\tito\projects\simba\backend\venv\Lib\site-packages\django\db\models\sql\query.py", line 1445, in build_lookup
    lookup = lookup_class(lhs, rhs)
             ^^^^^^^^^^^^^^^^^^^^^^
  File "C:\Users\HP\Documents\tito\projects\simba\backend\venv\Lib\site-packages\django\db\models\lookups.py", line 35, in __init__
    self.rhs = self.get_prep_lookup()
               ^^^^^^^^^^^^^^^^^^^^^^
  File "C:\Users\HP\Documents\tito\projects\simba\backend\venv\Lib\site-packages\django\db\models\fields\related_lookups.py", line 113, in get_prep_lookup
    self.rhs = target_field.get_prep_value(self.rhs)
               ^^^^^^^^^^^^^^^^^^^^^^^^^^^^^^^^^^^^^
  File "C:\Users\HP\Documents\tito\projects\simba\backend\venv\Lib\site-packages\django\db\models\fields\__init__.py", line 2130, in get_prep_value
    raise e.__class__(
TypeError: Field 'id' expected a number but got <django.contrib.auth.models.AnonymousUser object at 0x000001DBFC852540>.
2026-03-26 09:30:56,365 | WARNING | drf_yasg.inspectors.base | view's ForgotPasswordViewset.get_serializer raised exception during schema generation; use `getattr(self, 'swagger_fake_view', False)` to detect and short-circuit this
Traceback (most recent call last):
  File "C:\Users\HP\Documents\tito\projects\simba\backend\venv\Lib\site-packages\drf_yasg\inspectors\base.py", line 48, in call_view_method
    return view_method()
           ^^^^^^^^^^^^^
  File "C:\Users\HP\Documents\tito\projects\simba\backend\venv\Lib\site-packages\rest_framework\generics.py", line 112, in get_serializer
    serializer_class = self.get_serializer_class()
                       ^^^^^^^^^^^^^^^^^^^^^^^^^^^
  File "C:\Users\HP\Documents\tito\projects\simba\backend\venv\Lib\site-packages\rest_framework\generics.py", line 126, in get_serializer_class
    assert self.serializer_class is not None, (
AssertionError: 'ForgotPasswordViewset' should either include a `serializer_class` attribute, or override the `get_serializer_class()` method.
2026-03-26 09:30:56,372 | WARNING | drf_yasg.inspectors.base | view's ForgotPasswordViewset.get_serializer raised exception during schema generation; use `getattr(self, 'swagger_fake_view', False)` to detect and short-circuit this
Traceback (most recent call last):
  File "C:\Users\HP\Documents\tito\projects\simba\backend\venv\Lib\site-packages\drf_yasg\inspectors\base.py", line 48, in call_view_method
    return view_method()
           ^^^^^^^^^^^^^
  File "C:\Users\HP\Documents\tito\projects\simba\backend\venv\Lib\site-packages\rest_framework\generics.py", line 112, in get_serializer
    serializer_class = self.get_serializer_class()
                       ^^^^^^^^^^^^^^^^^^^^^^^^^^^
  File "C:\Users\HP\Documents\tito\projects\simba\backend\venv\Lib\site-packages\rest_framework\generics.py", line 126, in get_serializer_class
    assert self.serializer_class is not None, (
AssertionError: 'ForgotPasswordViewset' should either include a `serializer_class` attribute, or override the `get_serializer_class()` method.
2026-03-26 09:30:56,377 | WARNING | drf_yasg.inspectors.base | view's LogoutViewSet.get_serializer raised exception during schema generation; use `getattr(self, 'swagger_fake_view', False)` to detect and short-circuit this
Traceback (most recent call last):
  File "C:\Users\HP\Documents\tito\projects\simba\backend\venv\Lib\site-packages\drf_yasg\inspectors\base.py", line 48, in call_view_method
    return view_method()
           ^^^^^^^^^^^^^
  File "C:\Users\HP\Documents\tito\projects\simba\backend\venv\Lib\site-packages\rest_framework\generics.py", line 112, in get_serializer
    serializer_class = self.get_serializer_class()
                       ^^^^^^^^^^^^^^^^^^^^^^^^^^^
  File "C:\Users\HP\Documents\tito\projects\simba\backend\venv\Lib\site-packages\rest_framework\generics.py", line 126, in get_serializer_class
    assert self.serializer_class is not None, (
AssertionError: 'LogoutViewSet' should either include a `serializer_class` attribute, or override the `get_serializer_class()` method.
2026-03-26 09:30:56,377 | WARNING | drf_yasg.inspectors.base | view's LogoutViewSet.get_serializer raised exception during schema generation; use `getattr(self, 'swagger_fake_view', False)` to detect and short-circuit this
Traceback (most recent call last):
  File "C:\Users\HP\Documents\tito\projects\simba\backend\venv\Lib\site-packages\drf_yasg\inspectors\base.py", line 48, in call_view_method
    return view_method()
           ^^^^^^^^^^^^^
  File "C:\Users\HP\Documents\tito\projects\simba\backend\venv\Lib\site-packages\rest_framework\generics.py", line 112, in get_serializer
    serializer_class = self.get_serializer_class()
                       ^^^^^^^^^^^^^^^^^^^^^^^^^^^
  File "C:\Users\HP\Documents\tito\projects\simba\backend\venv\Lib\site-packages\rest_framework\generics.py", line 126, in get_serializer_class
    assert self.serializer_class is not None, (
AssertionError: 'LogoutViewSet' should either include a `serializer_class` attribute, or override the `get_serializer_class()` method.
2026-03-26 09:30:56,385 | WARNING | drf_yasg.inspectors.base | view's ResetPasswordViewset.get_serializer raised exception during schema generation; use `getattr(self, 'swagger_fake_view', False)` to detect and short-circuit this
Traceback (most recent call last):
  File "C:\Users\HP\Documents\tito\projects\simba\backend\venv\Lib\site-packages\drf_yasg\inspectors\base.py", line 48, in call_view_method
    return view_method()
           ^^^^^^^^^^^^^
  File "C:\Users\HP\Documents\tito\projects\simba\backend\venv\Lib\site-packages\rest_framework\generics.py", line 112, in get_serializer
    serializer_class = self.get_serializer_class()
                       ^^^^^^^^^^^^^^^^^^^^^^^^^^^
  File "C:\Users\HP\Documents\tito\projects\simba\backend\venv\Lib\site-packages\rest_framework\generics.py", line 126, in get_serializer_class
    assert self.serializer_class is not None, (
AssertionError: 'ResetPasswordViewset' should either include a `serializer_class` attribute, or override the `get_serializer_class()` method.
2026-03-26 09:30:56,387 | WARNING | drf_yasg.inspectors.base | view's ResetPasswordViewset.get_serializer raised exception during schema generation; use `getattr(self, 'swagger_fake_view', False)` to detect and short-circuit this
Traceback (most recent call last):
  File "C:\Users\HP\Documents\tito\projects\simba\backend\venv\Lib\site-packages\drf_yasg\inspectors\base.py", line 48, in call_view_method
    return view_method()
           ^^^^^^^^^^^^^
  File "C:\Users\HP\Documents\tito\projects\simba\backend\venv\Lib\site-packages\rest_framework\generics.py", line 112, in get_serializer
    serializer_class = self.get_serializer_class()
                       ^^^^^^^^^^^^^^^^^^^^^^^^^^^
  File "C:\Users\HP\Documents\tito\projects\simba\backend\venv\Lib\site-packages\rest_framework\generics.py", line 126, in get_serializer_class
    assert self.serializer_class is not None, (
AssertionError: 'ResetPasswordViewset' should either include a `serializer_class` attribute, or override the `get_serializer_class()` method.
2026-03-26 09:35:39,959 | INFO | django.utils.autoreload | C:\Users\HP\Documents\tito\projects\simba\backend\users\views.py changed, reloading.
2026-03-26 09:36:00,047 | INFO | django.utils.autoreload | Watching for file changes with StatReloader
2026-03-26 09:36:32,939 | WARNING | drf_yasg.inspectors.base | view's PetViewSet.get_queryset raised exception during schema generation; use `getattr(self, 'swagger_fake_view', False)` to detect and short-circuit this
Traceback (most recent call last):
  File "C:\Users\HP\Documents\tito\projects\simba\backend\venv\Lib\site-packages\django\db\models\fields\__init__.py", line 2128, in get_prep_value
    return int(value)
           ^^^^^^^^^^
  File "C:\Users\HP\Documents\tito\projects\simba\backend\venv\Lib\site-packages\django\contrib\auth\models.py", line 549, in __int__
    raise TypeError(
TypeError: Cannot cast AnonymousUser to int. Are you trying to use it in place of User?

The above exception was the direct cause of the following exception:

Traceback (most recent call last):
  File "C:\Users\HP\Documents\tito\projects\simba\backend\venv\Lib\site-packages\drf_yasg\inspectors\base.py", line 48, in call_view_method
    return view_method()
           ^^^^^^^^^^^^^
  File "C:\Users\HP\Documents\tito\projects\simba\backend\pets\views.py", line 10, in get_queryset
    return Pet.objects.filter(owner=self.request.user)
           ^^^^^^^^^^^^^^^^^^^^^^^^^^^^^^^^^^^^^^^^^^^
  File "C:\Users\HP\Documents\tito\projects\simba\backend\venv\Lib\site-packages\django\db\models\manager.py", line 87, in manager_method
    return getattr(self.get_queryset(), name)(*args, **kwargs)
           ^^^^^^^^^^^^^^^^^^^^^^^^^^^^^^^^^^^^^^^^^^^^^^^^^^^
  File "C:\Users\HP\Documents\tito\projects\simba\backend\venv\Lib\site-packages\django\db\models\query.py", line 1542, in filter
    return self._filter_or_exclude(False, args, kwargs)
           ^^^^^^^^^^^^^^^^^^^^^^^^^^^^^^^^^^^^^^^^^^^^
  File "C:\Users\HP\Documents\tito\projects\simba\backend\venv\Lib\site-packages\django\db\models\query.py", line 1560, in _filter_or_exclude
    clone._filter_or_exclude_inplace(negate, args, kwargs)
  File "C:\Users\HP\Documents\tito\projects\simba\backend\venv\Lib\site-packages\django\db\models\query.py", line 1570, in _filter_or_exclude_inplace
    self._query.add_q(Q(*args, **kwargs))
  File "C:\Users\HP\Documents\tito\projects\simba\backend\venv\Lib\site-packages\django\db\models\sql\query.py", line 1676, in add_q
    clause, _ = self._add_q(q_object, can_reuse)
                ^^^^^^^^^^^^^^^^^^^^^^^^^^^^^^^^
  File "C:\Users\HP\Documents\tito\projects\simba\backend\venv\Lib\site-packages\django\db\models\sql\query.py", line 1708, in _add_q
    child_clause, needed_inner = self.build_filter(
                                 ^^^^^^^^^^^^^^^^^^
  File "C:\Users\HP\Documents\tito\projects\simba\backend\venv\Lib\site-packages\django\db\models\sql\query.py", line 1618, in build_filter
    condition = self.build_lookup(lookups, col, value)
                ^^^^^^^^^^^^^^^^^^^^^^^^^^^^^^^^^^^^^^
  File "C:\Users\HP\Documents\tito\projects\simba\backend\venv\Lib\site-packages\django\db\models\sql\query.py", line 1445, in build_lookup
    lookup = lookup_class(lhs, rhs)
             ^^^^^^^^^^^^^^^^^^^^^^
  File "C:\Users\HP\Documents\tito\projects\simba\backend\venv\Lib\site-packages\django\db\models\lookups.py", line 35, in __init__
    self.rhs = self.get_prep_lookup()
               ^^^^^^^^^^^^^^^^^^^^^^
  File "C:\Users\HP\Documents\tito\projects\simba\backend\venv\Lib\site-packages\django\db\models\fields\related_lookups.py", line 113, in get_prep_lookup
    self.rhs = target_field.get_prep_value(self.rhs)
               ^^^^^^^^^^^^^^^^^^^^^^^^^^^^^^^^^^^^^
  File "C:\Users\HP\Documents\tito\projects\simba\backend\venv\Lib\site-packages\django\db\models\fields\__init__.py", line 2130, in get_prep_value
    raise e.__class__(
TypeError: Field 'id' expected a number but got <django.contrib.auth.models.AnonymousUser object at 0x0000017B34E65940>.
2026-03-26 09:36:33,666 | WARNING | drf_yasg.inspectors.base | view's VaccinationRecordViewSet.get_queryset raised exception during schema generation; use `getattr(self, 'swagger_fake_view', False)` to detect and short-circuit this
Traceback (most recent call last):
  File "C:\Users\HP\Documents\tito\projects\simba\backend\venv\Lib\site-packages\django\db\models\fields\__init__.py", line 2128, in get_prep_value
    return int(value)
           ^^^^^^^^^^
  File "C:\Users\HP\Documents\tito\projects\simba\backend\venv\Lib\site-packages\django\contrib\auth\models.py", line 549, in __int__
    raise TypeError(
TypeError: Cannot cast AnonymousUser to int. Are you trying to use it in place of User?

The above exception was the direct cause of the following exception:

Traceback (most recent call last):
  File "C:\Users\HP\Documents\tito\projects\simba\backend\venv\Lib\site-packages\drf_yasg\inspectors\base.py", line 48, in call_view_method
    return view_method()
           ^^^^^^^^^^^^^
  File "C:\Users\HP\Documents\tito\projects\simba\backend\pets\views.py", line 20, in get_queryset
    return VaccinationRecord.objects.filter(pet__owner=self.request.user)
           ^^^^^^^^^^^^^^^^^^^^^^^^^^^^^^^^^^^^^^^^^^^^^^^^^^^^^^^^^^^^^^
  File "C:\Users\HP\Documents\tito\projects\simba\backend\venv\Lib\site-packages\django\db\models\manager.py", line 87, in manager_method
    return getattr(self.get_queryset(), name)(*args, **kwargs)
           ^^^^^^^^^^^^^^^^^^^^^^^^^^^^^^^^^^^^^^^^^^^^^^^^^^^
  File "C:\Users\HP\Documents\tito\projects\simba\backend\venv\Lib\site-packages\django\db\models\query.py", line 1542, in filter
    return self._filter_or_exclude(False, args, kwargs)
           ^^^^^^^^^^^^^^^^^^^^^^^^^^^^^^^^^^^^^^^^^^^^
  File "C:\Users\HP\Documents\tito\projects\simba\backend\venv\Lib\site-packages\django\db\models\query.py", line 1560, in _filter_or_exclude
    clone._filter_or_exclude_inplace(negate, args, kwargs)
  File "C:\Users\HP\Documents\tito\projects\simba\backend\venv\Lib\site-packages\django\db\models\query.py", line 1570, in _filter_or_exclude_inplace
    self._query.add_q(Q(*args, **kwargs))
  File "C:\Users\HP\Documents\tito\projects\simba\backend\venv\Lib\site-packages\django\db\models\sql\query.py", line 1676, in add_q
    clause, _ = self._add_q(q_object, can_reuse)
                ^^^^^^^^^^^^^^^^^^^^^^^^^^^^^^^^
  File "C:\Users\HP\Documents\tito\projects\simba\backend\venv\Lib\site-packages\django\db\models\sql\query.py", line 1708, in _add_q
    child_clause, needed_inner = self.build_filter(
                                 ^^^^^^^^^^^^^^^^^^
  File "C:\Users\HP\Documents\tito\projects\simba\backend\venv\Lib\site-packages\django\db\models\sql\query.py", line 1618, in build_filter
    condition = self.build_lookup(lookups, col, value)
                ^^^^^^^^^^^^^^^^^^^^^^^^^^^^^^^^^^^^^^
  File "C:\Users\HP\Documents\tito\projects\simba\backend\venv\Lib\site-packages\django\db\models\sql\query.py", line 1445, in build_lookup
    lookup = lookup_class(lhs, rhs)
             ^^^^^^^^^^^^^^^^^^^^^^
  File "C:\Users\HP\Documents\tito\projects\simba\backend\venv\Lib\site-packages\django\db\models\lookups.py", line 35, in __init__
    self.rhs = self.get_prep_lookup()
               ^^^^^^^^^^^^^^^^^^^^^^
  File "C:\Users\HP\Documents\tito\projects\simba\backend\venv\Lib\site-packages\django\db\models\fields\related_lookups.py", line 113, in get_prep_lookup
    self.rhs = target_field.get_prep_value(self.rhs)
               ^^^^^^^^^^^^^^^^^^^^^^^^^^^^^^^^^^^^^
  File "C:\Users\HP\Documents\tito\projects\simba\backend\venv\Lib\site-packages\django\db\models\fields\__init__.py", line 2130, in get_prep_value
    raise e.__class__(
TypeError: Field 'id' expected a number but got <django.contrib.auth.models.AnonymousUser object at 0x0000017B34E65940>.
2026-03-26 09:36:33,671 | WARNING | drf_yasg.inspectors.base | view's UserPlanViewSet.get_queryset raised exception during schema generation; use `getattr(self, 'swagger_fake_view', False)` to detect and short-circuit this
Traceback (most recent call last):
  File "C:\Users\HP\Documents\tito\projects\simba\backend\venv\Lib\site-packages\django\db\models\fields\__init__.py", line 2128, in get_prep_value
    return int(value)
           ^^^^^^^^^^
  File "C:\Users\HP\Documents\tito\projects\simba\backend\venv\Lib\site-packages\django\contrib\auth\models.py", line 549, in __int__
    raise TypeError(
TypeError: Cannot cast AnonymousUser to int. Are you trying to use it in place of User?

The above exception was the direct cause of the following exception:

Traceback (most recent call last):
  File "C:\Users\HP\Documents\tito\projects\simba\backend\venv\Lib\site-packages\drf_yasg\inspectors\base.py", line 48, in call_view_method
    return view_method()
           ^^^^^^^^^^^^^
  File "C:\Users\HP\Documents\tito\projects\simba\backend\core\views.py", line 10, in get_queryset
    return UserPlan.objects.filter(user=self.request.user)
           ^^^^^^^^^^^^^^^^^^^^^^^^^^^^^^^^^^^^^^^^^^^^^^^
  File "C:\Users\HP\Documents\tito\projects\simba\backend\venv\Lib\site-packages\django\db\models\manager.py", line 87, in manager_method
    return getattr(self.get_queryset(), name)(*args, **kwargs)
           ^^^^^^^^^^^^^^^^^^^^^^^^^^^^^^^^^^^^^^^^^^^^^^^^^^^
  File "C:\Users\HP\Documents\tito\projects\simba\backend\venv\Lib\site-packages\django\db\models\query.py", line 1542, in filter
    return self._filter_or_exclude(False, args, kwargs)
           ^^^^^^^^^^^^^^^^^^^^^^^^^^^^^^^^^^^^^^^^^^^^
  File "C:\Users\HP\Documents\tito\projects\simba\backend\venv\Lib\site-packages\django\db\models\query.py", line 1560, in _filter_or_exclude
    clone._filter_or_exclude_inplace(negate, args, kwargs)
  File "C:\Users\HP\Documents\tito\projects\simba\backend\venv\Lib\site-packages\django\db\models\query.py", line 1570, in _filter_or_exclude_inplace
    self._query.add_q(Q(*args, **kwargs))
  File "C:\Users\HP\Documents\tito\projects\simba\backend\venv\Lib\site-packages\django\db\models\sql\query.py", line 1676, in add_q
    clause, _ = self._add_q(q_object, can_reuse)
                ^^^^^^^^^^^^^^^^^^^^^^^^^^^^^^^^
  File "C:\Users\HP\Documents\tito\projects\simba\backend\venv\Lib\site-packages\django\db\models\sql\query.py", line 1708, in _add_q
    child_clause, needed_inner = self.build_filter(
                                 ^^^^^^^^^^^^^^^^^^
  File "C:\Users\HP\Documents\tito\projects\simba\backend\venv\Lib\site-packages\django\db\models\sql\query.py", line 1618, in build_filter
    condition = self.build_lookup(lookups, col, value)
                ^^^^^^^^^^^^^^^^^^^^^^^^^^^^^^^^^^^^^^
  File "C:\Users\HP\Documents\tito\projects\simba\backend\venv\Lib\site-packages\django\db\models\sql\query.py", line 1445, in build_lookup
    lookup = lookup_class(lhs, rhs)
             ^^^^^^^^^^^^^^^^^^^^^^
  File "C:\Users\HP\Documents\tito\projects\simba\backend\venv\Lib\site-packages\django\db\models\lookups.py", line 35, in __init__
    self.rhs = self.get_prep_lookup()
               ^^^^^^^^^^^^^^^^^^^^^^
  File "C:\Users\HP\Documents\tito\projects\simba\backend\venv\Lib\site-packages\django\db\models\fields\related_lookups.py", line 113, in get_prep_lookup
    self.rhs = target_field.get_prep_value(self.rhs)
               ^^^^^^^^^^^^^^^^^^^^^^^^^^^^^^^^^^^^^
  File "C:\Users\HP\Documents\tito\projects\simba\backend\venv\Lib\site-packages\django\db\models\fields\__init__.py", line 2130, in get_prep_value
    raise e.__class__(
TypeError: Field 'id' expected a number but got <django.contrib.auth.models.AnonymousUser object at 0x0000017B34E65940>.
2026-03-26 09:36:33,701 | WARNING | drf_yasg.inspectors.base | view's PetViewSet.get_queryset raised exception during schema generation; use `getattr(self, 'swagger_fake_view', False)` to detect and short-circuit this
Traceback (most recent call last):
  File "C:\Users\HP\Documents\tito\projects\simba\backend\venv\Lib\site-packages\django\db\models\fields\__init__.py", line 2128, in get_prep_value
    return int(value)
           ^^^^^^^^^^
  File "C:\Users\HP\Documents\tito\projects\simba\backend\venv\Lib\site-packages\django\contrib\auth\models.py", line 549, in __int__
    raise TypeError(
TypeError: Cannot cast AnonymousUser to int. Are you trying to use it in place of User?

The above exception was the direct cause of the following exception:

Traceback (most recent call last):
  File "C:\Users\HP\Documents\tito\projects\simba\backend\venv\Lib\site-packages\drf_yasg\inspectors\base.py", line 48, in call_view_method
    return view_method()
           ^^^^^^^^^^^^^
  File "C:\Users\HP\Documents\tito\projects\simba\backend\pets\views.py", line 10, in get_queryset
    return Pet.objects.filter(owner=self.request.user)
           ^^^^^^^^^^^^^^^^^^^^^^^^^^^^^^^^^^^^^^^^^^^
  File "C:\Users\HP\Documents\tito\projects\simba\backend\venv\Lib\site-packages\django\db\models\manager.py", line 87, in manager_method
    return getattr(self.get_queryset(), name)(*args, **kwargs)
           ^^^^^^^^^^^^^^^^^^^^^^^^^^^^^^^^^^^^^^^^^^^^^^^^^^^
  File "C:\Users\HP\Documents\tito\projects\simba\backend\venv\Lib\site-packages\django\db\models\query.py", line 1542, in filter
    return self._filter_or_exclude(False, args, kwargs)
           ^^^^^^^^^^^^^^^^^^^^^^^^^^^^^^^^^^^^^^^^^^^^
  File "C:\Users\HP\Documents\tito\projects\simba\backend\venv\Lib\site-packages\django\db\models\query.py", line 1560, in _filter_or_exclude
    clone._filter_or_exclude_inplace(negate, args, kwargs)
  File "C:\Users\HP\Documents\tito\projects\simba\backend\venv\Lib\site-packages\django\db\models\query.py", line 1570, in _filter_or_exclude_inplace
    self._query.add_q(Q(*args, **kwargs))
  File "C:\Users\HP\Documents\tito\projects\simba\backend\venv\Lib\site-packages\django\db\models\sql\query.py", line 1676, in add_q
    clause, _ = self._add_q(q_object, can_reuse)
                ^^^^^^^^^^^^^^^^^^^^^^^^^^^^^^^^
  File "C:\Users\HP\Documents\tito\projects\simba\backend\venv\Lib\site-packages\django\db\models\sql\query.py", line 1708, in _add_q
    child_clause, needed_inner = self.build_filter(
                                 ^^^^^^^^^^^^^^^^^^
  File "C:\Users\HP\Documents\tito\projects\simba\backend\venv\Lib\site-packages\django\db\models\sql\query.py", line 1618, in build_filter
    condition = self.build_lookup(lookups, col, value)
                ^^^^^^^^^^^^^^^^^^^^^^^^^^^^^^^^^^^^^^
  File "C:\Users\HP\Documents\tito\projects\simba\backend\venv\Lib\site-packages\django\db\models\sql\query.py", line 1445, in build_lookup
    lookup = lookup_class(lhs, rhs)
             ^^^^^^^^^^^^^^^^^^^^^^
  File "C:\Users\HP\Documents\tito\projects\simba\backend\venv\Lib\site-packages\django\db\models\lookups.py", line 35, in __init__
    self.rhs = self.get_prep_lookup()
               ^^^^^^^^^^^^^^^^^^^^^^
  File "C:\Users\HP\Documents\tito\projects\simba\backend\venv\Lib\site-packages\django\db\models\fields\related_lookups.py", line 113, in get_prep_lookup
    self.rhs = target_field.get_prep_value(self.rhs)
               ^^^^^^^^^^^^^^^^^^^^^^^^^^^^^^^^^^^^^
  File "C:\Users\HP\Documents\tito\projects\simba\backend\venv\Lib\site-packages\django\db\models\fields\__init__.py", line 2130, in get_prep_value
    raise e.__class__(
TypeError: Field 'id' expected a number but got <django.contrib.auth.models.AnonymousUser object at 0x0000017B34E65940>.
2026-03-26 09:36:33,707 | WARNING | drf_yasg.inspectors.base | view's VaccinationRecordViewSet.get_queryset raised exception during schema generation; use `getattr(self, 'swagger_fake_view', False)` to detect and short-circuit this
Traceback (most recent call last):
  File "C:\Users\HP\Documents\tito\projects\simba\backend\venv\Lib\site-packages\django\db\models\fields\__init__.py", line 2128, in get_prep_value
    return int(value)
           ^^^^^^^^^^
  File "C:\Users\HP\Documents\tito\projects\simba\backend\venv\Lib\site-packages\django\contrib\auth\models.py", line 549, in __int__
    raise TypeError(
TypeError: Cannot cast AnonymousUser to int. Are you trying to use it in place of User?

The above exception was the direct cause of the following exception:

Traceback (most recent call last):
  File "C:\Users\HP\Documents\tito\projects\simba\backend\venv\Lib\site-packages\drf_yasg\inspectors\base.py", line 48, in call_view_method
    return view_method()
           ^^^^^^^^^^^^^
  File "C:\Users\HP\Documents\tito\projects\simba\backend\pets\views.py", line 20, in get_queryset
    return VaccinationRecord.objects.filter(pet__owner=self.request.user)
           ^^^^^^^^^^^^^^^^^^^^^^^^^^^^^^^^^^^^^^^^^^^^^^^^^^^^^^^^^^^^^^
  File "C:\Users\HP\Documents\tito\projects\simba\backend\venv\Lib\site-packages\django\db\models\manager.py", line 87, in manager_method
    return getattr(self.get_queryset(), name)(*args, **kwargs)
           ^^^^^^^^^^^^^^^^^^^^^^^^^^^^^^^^^^^^^^^^^^^^^^^^^^^
  File "C:\Users\HP\Documents\tito\projects\simba\backend\venv\Lib\site-packages\django\db\models\query.py", line 1542, in filter
    return self._filter_or_exclude(False, args, kwargs)
           ^^^^^^^^^^^^^^^^^^^^^^^^^^^^^^^^^^^^^^^^^^^^
  File "C:\Users\HP\Documents\tito\projects\simba\backend\venv\Lib\site-packages\django\db\models\query.py", line 1560, in _filter_or_exclude
    clone._filter_or_exclude_inplace(negate, args, kwargs)
  File "C:\Users\HP\Documents\tito\projects\simba\backend\venv\Lib\site-packages\django\db\models\query.py", line 1570, in _filter_or_exclude_inplace
    self._query.add_q(Q(*args, **kwargs))
  File "C:\Users\HP\Documents\tito\projects\simba\backend\venv\Lib\site-packages\django\db\models\sql\query.py", line 1676, in add_q
    clause, _ = self._add_q(q_object, can_reuse)
                ^^^^^^^^^^^^^^^^^^^^^^^^^^^^^^^^
  File "C:\Users\HP\Documents\tito\projects\simba\backend\venv\Lib\site-packages\django\db\models\sql\query.py", line 1708, in _add_q
    child_clause, needed_inner = self.build_filter(
                                 ^^^^^^^^^^^^^^^^^^
  File "C:\Users\HP\Documents\tito\projects\simba\backend\venv\Lib\site-packages\django\db\models\sql\query.py", line 1618, in build_filter
    condition = self.build_lookup(lookups, col, value)
                ^^^^^^^^^^^^^^^^^^^^^^^^^^^^^^^^^^^^^^
  File "C:\Users\HP\Documents\tito\projects\simba\backend\venv\Lib\site-packages\django\db\models\sql\query.py", line 1445, in build_lookup
    lookup = lookup_class(lhs, rhs)
             ^^^^^^^^^^^^^^^^^^^^^^
  File "C:\Users\HP\Documents\tito\projects\simba\backend\venv\Lib\site-packages\django\db\models\lookups.py", line 35, in __init__
    self.rhs = self.get_prep_lookup()
               ^^^^^^^^^^^^^^^^^^^^^^
  File "C:\Users\HP\Documents\tito\projects\simba\backend\venv\Lib\site-packages\django\db\models\fields\related_lookups.py", line 113, in get_prep_lookup
    self.rhs = target_field.get_prep_value(self.rhs)
               ^^^^^^^^^^^^^^^^^^^^^^^^^^^^^^^^^^^^^
  File "C:\Users\HP\Documents\tito\projects\simba\backend\venv\Lib\site-packages\django\db\models\fields\__init__.py", line 2130, in get_prep_value
    raise e.__class__(
TypeError: Field 'id' expected a number but got <django.contrib.auth.models.AnonymousUser object at 0x0000017B34E65940>.
2026-03-26 09:36:33,715 | WARNING | drf_yasg.inspectors.base | view's UserPlanViewSet.get_queryset raised exception during schema generation; use `getattr(self, 'swagger_fake_view', False)` to detect and short-circuit this
Traceback (most recent call last):
  File "C:\Users\HP\Documents\tito\projects\simba\backend\venv\Lib\site-packages\django\db\models\fields\__init__.py", line 2128, in get_prep_value
    return int(value)
           ^^^^^^^^^^
  File "C:\Users\HP\Documents\tito\projects\simba\backend\venv\Lib\site-packages\django\contrib\auth\models.py", line 549, in __int__
    raise TypeError(
TypeError: Cannot cast AnonymousUser to int. Are you trying to use it in place of User?

The above exception was the direct cause of the following exception:

Traceback (most recent call last):
  File "C:\Users\HP\Documents\tito\projects\simba\backend\venv\Lib\site-packages\drf_yasg\inspectors\base.py", line 48, in call_view_method
    return view_method()
           ^^^^^^^^^^^^^
  File "C:\Users\HP\Documents\tito\projects\simba\backend\core\views.py", line 10, in get_queryset
    return UserPlan.objects.filter(user=self.request.user)
           ^^^^^^^^^^^^^^^^^^^^^^^^^^^^^^^^^^^^^^^^^^^^^^^
  File "C:\Users\HP\Documents\tito\projects\simba\backend\venv\Lib\site-packages\django\db\models\manager.py", line 87, in manager_method
    return getattr(self.get_queryset(), name)(*args, **kwargs)
           ^^^^^^^^^^^^^^^^^^^^^^^^^^^^^^^^^^^^^^^^^^^^^^^^^^^
  File "C:\Users\HP\Documents\tito\projects\simba\backend\venv\Lib\site-packages\django\db\models\query.py", line 1542, in filter
    return self._filter_or_exclude(False, args, kwargs)
           ^^^^^^^^^^^^^^^^^^^^^^^^^^^^^^^^^^^^^^^^^^^^
  File "C:\Users\HP\Documents\tito\projects\simba\backend\venv\Lib\site-packages\django\db\models\query.py", line 1560, in _filter_or_exclude
    clone._filter_or_exclude_inplace(negate, args, kwargs)
  File "C:\Users\HP\Documents\tito\projects\simba\backend\venv\Lib\site-packages\django\db\models\query.py", line 1570, in _filter_or_exclude_inplace
    self._query.add_q(Q(*args, **kwargs))
  File "C:\Users\HP\Documents\tito\projects\simba\backend\venv\Lib\site-packages\django\db\models\sql\query.py", line 1676, in add_q
    clause, _ = self._add_q(q_object, can_reuse)
                ^^^^^^^^^^^^^^^^^^^^^^^^^^^^^^^^
  File "C:\Users\HP\Documents\tito\projects\simba\backend\venv\Lib\site-packages\django\db\models\sql\query.py", line 1708, in _add_q
    child_clause, needed_inner = self.build_filter(
                                 ^^^^^^^^^^^^^^^^^^
  File "C:\Users\HP\Documents\tito\projects\simba\backend\venv\Lib\site-packages\django\db\models\sql\query.py", line 1618, in build_filter
    condition = self.build_lookup(lookups, col, value)
                ^^^^^^^^^^^^^^^^^^^^^^^^^^^^^^^^^^^^^^
  File "C:\Users\HP\Documents\tito\projects\simba\backend\venv\Lib\site-packages\django\db\models\sql\query.py", line 1445, in build_lookup
    lookup = lookup_class(lhs, rhs)
             ^^^^^^^^^^^^^^^^^^^^^^
  File "C:\Users\HP\Documents\tito\projects\simba\backend\venv\Lib\site-packages\django\db\models\lookups.py", line 35, in __init__
    self.rhs = self.get_prep_lookup()
               ^^^^^^^^^^^^^^^^^^^^^^
  File "C:\Users\HP\Documents\tito\projects\simba\backend\venv\Lib\site-packages\django\db\models\fields\related_lookups.py", line 113, in get_prep_lookup
    self.rhs = target_field.get_prep_value(self.rhs)
               ^^^^^^^^^^^^^^^^^^^^^^^^^^^^^^^^^^^^^
  File "C:\Users\HP\Documents\tito\projects\simba\backend\venv\Lib\site-packages\django\db\models\fields\__init__.py", line 2130, in get_prep_value
    raise e.__class__(
TypeError: Field 'id' expected a number but got <django.contrib.auth.models.AnonymousUser object at 0x0000017B34E65940>.
2026-03-26 09:36:33,715 | WARNING | drf_yasg.inspectors.base | view's PetViewSet.get_queryset raised exception during schema generation; use `getattr(self, 'swagger_fake_view', False)` to detect and short-circuit this
Traceback (most recent call last):
  File "C:\Users\HP\Documents\tito\projects\simba\backend\venv\Lib\site-packages\django\db\models\fields\__init__.py", line 2128, in get_prep_value
    return int(value)
           ^^^^^^^^^^
  File "C:\Users\HP\Documents\tito\projects\simba\backend\venv\Lib\site-packages\django\contrib\auth\models.py", line 549, in __int__
    raise TypeError(
TypeError: Cannot cast AnonymousUser to int. Are you trying to use it in place of User?

The above exception was the direct cause of the following exception:

Traceback (most recent call last):
  File "C:\Users\HP\Documents\tito\projects\simba\backend\venv\Lib\site-packages\drf_yasg\inspectors\base.py", line 48, in call_view_method
    return view_method()
           ^^^^^^^^^^^^^
  File "C:\Users\HP\Documents\tito\projects\simba\backend\pets\views.py", line 10, in get_queryset
    return Pet.objects.filter(owner=self.request.user)
           ^^^^^^^^^^^^^^^^^^^^^^^^^^^^^^^^^^^^^^^^^^^
  File "C:\Users\HP\Documents\tito\projects\simba\backend\venv\Lib\site-packages\django\db\models\manager.py", line 87, in manager_method
    return getattr(self.get_queryset(), name)(*args, **kwargs)
           ^^^^^^^^^^^^^^^^^^^^^^^^^^^^^^^^^^^^^^^^^^^^^^^^^^^
  File "C:\Users\HP\Documents\tito\projects\simba\backend\venv\Lib\site-packages\django\db\models\query.py", line 1542, in filter
    return self._filter_or_exclude(False, args, kwargs)
           ^^^^^^^^^^^^^^^^^^^^^^^^^^^^^^^^^^^^^^^^^^^^
  File "C:\Users\HP\Documents\tito\projects\simba\backend\venv\Lib\site-packages\django\db\models\query.py", line 1560, in _filter_or_exclude
    clone._filter_or_exclude_inplace(negate, args, kwargs)
  File "C:\Users\HP\Documents\tito\projects\simba\backend\venv\Lib\site-packages\django\db\models\query.py", line 1570, in _filter_or_exclude_inplace
    self._query.add_q(Q(*args, **kwargs))
  File "C:\Users\HP\Documents\tito\projects\simba\backend\venv\Lib\site-packages\django\db\models\sql\query.py", line 1676, in add_q
    clause, _ = self._add_q(q_object, can_reuse)
                ^^^^^^^^^^^^^^^^^^^^^^^^^^^^^^^^
  File "C:\Users\HP\Documents\tito\projects\simba\backend\venv\Lib\site-packages\django\db\models\sql\query.py", line 1708, in _add_q
    child_clause, needed_inner = self.build_filter(
                                 ^^^^^^^^^^^^^^^^^^
  File "C:\Users\HP\Documents\tito\projects\simba\backend\venv\Lib\site-packages\django\db\models\sql\query.py", line 1618, in build_filter
    condition = self.build_lookup(lookups, col, value)
                ^^^^^^^^^^^^^^^^^^^^^^^^^^^^^^^^^^^^^^
  File "C:\Users\HP\Documents\tito\projects\simba\backend\venv\Lib\site-packages\django\db\models\sql\query.py", line 1445, in build_lookup
    lookup = lookup_class(lhs, rhs)
             ^^^^^^^^^^^^^^^^^^^^^^
  File "C:\Users\HP\Documents\tito\projects\simba\backend\venv\Lib\site-packages\django\db\models\lookups.py", line 35, in __init__
    self.rhs = self.get_prep_lookup()
               ^^^^^^^^^^^^^^^^^^^^^^
  File "C:\Users\HP\Documents\tito\projects\simba\backend\venv\Lib\site-packages\django\db\models\fields\related_lookups.py", line 113, in get_prep_lookup
    self.rhs = target_field.get_prep_value(self.rhs)
               ^^^^^^^^^^^^^^^^^^^^^^^^^^^^^^^^^^^^^
  File "C:\Users\HP\Documents\tito\projects\simba\backend\venv\Lib\site-packages\django\db\models\fields\__init__.py", line 2130, in get_prep_value
    raise e.__class__(
TypeError: Field 'id' expected a number but got <django.contrib.auth.models.AnonymousUser object at 0x0000017B34E65940>.
2026-03-26 09:36:33,726 | WARNING | drf_yasg.inspectors.base | view's VaccinationRecordViewSet.get_queryset raised exception during schema generation; use `getattr(self, 'swagger_fake_view', False)` to detect and short-circuit this
Traceback (most recent call last):
  File "C:\Users\HP\Documents\tito\projects\simba\backend\venv\Lib\site-packages\django\db\models\fields\__init__.py", line 2128, in get_prep_value
    return int(value)
           ^^^^^^^^^^
  File "C:\Users\HP\Documents\tito\projects\simba\backend\venv\Lib\site-packages\django\contrib\auth\models.py", line 549, in __int__
    raise TypeError(
TypeError: Cannot cast AnonymousUser to int. Are you trying to use it in place of User?

The above exception was the direct cause of the following exception:

Traceback (most recent call last):
  File "C:\Users\HP\Documents\tito\projects\simba\backend\venv\Lib\site-packages\drf_yasg\inspectors\base.py", line 48, in call_view_method
    return view_method()
           ^^^^^^^^^^^^^
  File "C:\Users\HP\Documents\tito\projects\simba\backend\pets\views.py", line 20, in get_queryset
    return VaccinationRecord.objects.filter(pet__owner=self.request.user)
           ^^^^^^^^^^^^^^^^^^^^^^^^^^^^^^^^^^^^^^^^^^^^^^^^^^^^^^^^^^^^^^
  File "C:\Users\HP\Documents\tito\projects\simba\backend\venv\Lib\site-packages\django\db\models\manager.py", line 87, in manager_method
    return getattr(self.get_queryset(), name)(*args, **kwargs)
           ^^^^^^^^^^^^^^^^^^^^^^^^^^^^^^^^^^^^^^^^^^^^^^^^^^^
  File "C:\Users\HP\Documents\tito\projects\simba\backend\venv\Lib\site-packages\django\db\models\query.py", line 1542, in filter
    return self._filter_or_exclude(False, args, kwargs)
           ^^^^^^^^^^^^^^^^^^^^^^^^^^^^^^^^^^^^^^^^^^^^
  File "C:\Users\HP\Documents\tito\projects\simba\backend\venv\Lib\site-packages\django\db\models\query.py", line 1560, in _filter_or_exclude
    clone._filter_or_exclude_inplace(negate, args, kwargs)
  File "C:\Users\HP\Documents\tito\projects\simba\backend\venv\Lib\site-packages\django\db\models\query.py", line 1570, in _filter_or_exclude_inplace
    self._query.add_q(Q(*args, **kwargs))
  File "C:\Users\HP\Documents\tito\projects\simba\backend\venv\Lib\site-packages\django\db\models\sql\query.py", line 1676, in add_q
    clause, _ = self._add_q(q_object, can_reuse)
                ^^^^^^^^^^^^^^^^^^^^^^^^^^^^^^^^
  File "C:\Users\HP\Documents\tito\projects\simba\backend\venv\Lib\site-packages\django\db\models\sql\query.py", line 1708, in _add_q
    child_clause, needed_inner = self.build_filter(
                                 ^^^^^^^^^^^^^^^^^^
  File "C:\Users\HP\Documents\tito\projects\simba\backend\venv\Lib\site-packages\django\db\models\sql\query.py", line 1618, in build_filter
    condition = self.build_lookup(lookups, col, value)
                ^^^^^^^^^^^^^^^^^^^^^^^^^^^^^^^^^^^^^^
  File "C:\Users\HP\Documents\tito\projects\simba\backend\venv\Lib\site-packages\django\db\models\sql\query.py", line 1445, in build_lookup
    lookup = lookup_class(lhs, rhs)
             ^^^^^^^^^^^^^^^^^^^^^^
  File "C:\Users\HP\Documents\tito\projects\simba\backend\venv\Lib\site-packages\django\db\models\lookups.py", line 35, in __init__
    self.rhs = self.get_prep_lookup()
               ^^^^^^^^^^^^^^^^^^^^^^
  File "C:\Users\HP\Documents\tito\projects\simba\backend\venv\Lib\site-packages\django\db\models\fields\related_lookups.py", line 113, in get_prep_lookup
    self.rhs = target_field.get_prep_value(self.rhs)
               ^^^^^^^^^^^^^^^^^^^^^^^^^^^^^^^^^^^^^
  File "C:\Users\HP\Documents\tito\projects\simba\backend\venv\Lib\site-packages\django\db\models\fields\__init__.py", line 2130, in get_prep_value
    raise e.__class__(
TypeError: Field 'id' expected a number but got <django.contrib.auth.models.AnonymousUser object at 0x0000017B34E65940>.
2026-03-26 09:36:33,732 | WARNING | drf_yasg.inspectors.base | view's UserPlanViewSet.get_queryset raised exception during schema generation; use `getattr(self, 'swagger_fake_view', False)` to detect and short-circuit this
Traceback (most recent call last):
  File "C:\Users\HP\Documents\tito\projects\simba\backend\venv\Lib\site-packages\django\db\models\fields\__init__.py", line 2128, in get_prep_value
    return int(value)
           ^^^^^^^^^^
  File "C:\Users\HP\Documents\tito\projects\simba\backend\venv\Lib\site-packages\django\contrib\auth\models.py", line 549, in __int__
    raise TypeError(
TypeError: Cannot cast AnonymousUser to int. Are you trying to use it in place of User?

The above exception was the direct cause of the following exception:

Traceback (most recent call last):
  File "C:\Users\HP\Documents\tito\projects\simba\backend\venv\Lib\site-packages\drf_yasg\inspectors\base.py", line 48, in call_view_method
    return view_method()
           ^^^^^^^^^^^^^
  File "C:\Users\HP\Documents\tito\projects\simba\backend\core\views.py", line 10, in get_queryset
    return UserPlan.objects.filter(user=self.request.user)
           ^^^^^^^^^^^^^^^^^^^^^^^^^^^^^^^^^^^^^^^^^^^^^^^
  File "C:\Users\HP\Documents\tito\projects\simba\backend\venv\Lib\site-packages\django\db\models\manager.py", line 87, in manager_method
    return getattr(self.get_queryset(), name)(*args, **kwargs)
           ^^^^^^^^^^^^^^^^^^^^^^^^^^^^^^^^^^^^^^^^^^^^^^^^^^^
  File "C:\Users\HP\Documents\tito\projects\simba\backend\venv\Lib\site-packages\django\db\models\query.py", line 1542, in filter
    return self._filter_or_exclude(False, args, kwargs)
           ^^^^^^^^^^^^^^^^^^^^^^^^^^^^^^^^^^^^^^^^^^^^
  File "C:\Users\HP\Documents\tito\projects\simba\backend\venv\Lib\site-packages\django\db\models\query.py", line 1560, in _filter_or_exclude
    clone._filter_or_exclude_inplace(negate, args, kwargs)
  File "C:\Users\HP\Documents\tito\projects\simba\backend\venv\Lib\site-packages\django\db\models\query.py", line 1570, in _filter_or_exclude_inplace
    self._query.add_q(Q(*args, **kwargs))
  File "C:\Users\HP\Documents\tito\projects\simba\backend\venv\Lib\site-packages\django\db\models\sql\query.py", line 1676, in add_q
    clause, _ = self._add_q(q_object, can_reuse)
                ^^^^^^^^^^^^^^^^^^^^^^^^^^^^^^^^
  File "C:\Users\HP\Documents\tito\projects\simba\backend\venv\Lib\site-packages\django\db\models\sql\query.py", line 1708, in _add_q
    child_clause, needed_inner = self.build_filter(
                                 ^^^^^^^^^^^^^^^^^^
  File "C:\Users\HP\Documents\tito\projects\simba\backend\venv\Lib\site-packages\django\db\models\sql\query.py", line 1618, in build_filter
    condition = self.build_lookup(lookups, col, value)
                ^^^^^^^^^^^^^^^^^^^^^^^^^^^^^^^^^^^^^^
  File "C:\Users\HP\Documents\tito\projects\simba\backend\venv\Lib\site-packages\django\db\models\sql\query.py", line 1445, in build_lookup
    lookup = lookup_class(lhs, rhs)
             ^^^^^^^^^^^^^^^^^^^^^^
  File "C:\Users\HP\Documents\tito\projects\simba\backend\venv\Lib\site-packages\django\db\models\lookups.py", line 35, in __init__
    self.rhs = self.get_prep_lookup()
               ^^^^^^^^^^^^^^^^^^^^^^
  File "C:\Users\HP\Documents\tito\projects\simba\backend\venv\Lib\site-packages\django\db\models\fields\related_lookups.py", line 113, in get_prep_lookup
    self.rhs = target_field.get_prep_value(self.rhs)
               ^^^^^^^^^^^^^^^^^^^^^^^^^^^^^^^^^^^^^
  File "C:\Users\HP\Documents\tito\projects\simba\backend\venv\Lib\site-packages\django\db\models\fields\__init__.py", line 2130, in get_prep_value
    raise e.__class__(
TypeError: Field 'id' expected a number but got <django.contrib.auth.models.AnonymousUser object at 0x0000017B34E65940>.
2026-03-26 09:36:33,732 | WARNING | drf_yasg.inspectors.base | view's PetViewSet.get_queryset raised exception during schema generation; use `getattr(self, 'swagger_fake_view', False)` to detect and short-circuit this
Traceback (most recent call last):
  File "C:\Users\HP\Documents\tito\projects\simba\backend\venv\Lib\site-packages\django\db\models\fields\__init__.py", line 2128, in get_prep_value
    return int(value)
           ^^^^^^^^^^
  File "C:\Users\HP\Documents\tito\projects\simba\backend\venv\Lib\site-packages\django\contrib\auth\models.py", line 549, in __int__
    raise TypeError(
TypeError: Cannot cast AnonymousUser to int. Are you trying to use it in place of User?

The above exception was the direct cause of the following exception:

Traceback (most recent call last):
  File "C:\Users\HP\Documents\tito\projects\simba\backend\venv\Lib\site-packages\drf_yasg\inspectors\base.py", line 48, in call_view_method
    return view_method()
           ^^^^^^^^^^^^^
  File "C:\Users\HP\Documents\tito\projects\simba\backend\pets\views.py", line 10, in get_queryset
    return Pet.objects.filter(owner=self.request.user)
           ^^^^^^^^^^^^^^^^^^^^^^^^^^^^^^^^^^^^^^^^^^^
  File "C:\Users\HP\Documents\tito\projects\simba\backend\venv\Lib\site-packages\django\db\models\manager.py", line 87, in manager_method
    return getattr(self.get_queryset(), name)(*args, **kwargs)
           ^^^^^^^^^^^^^^^^^^^^^^^^^^^^^^^^^^^^^^^^^^^^^^^^^^^
  File "C:\Users\HP\Documents\tito\projects\simba\backend\venv\Lib\site-packages\django\db\models\query.py", line 1542, in filter
    return self._filter_or_exclude(False, args, kwargs)
           ^^^^^^^^^^^^^^^^^^^^^^^^^^^^^^^^^^^^^^^^^^^^
  File "C:\Users\HP\Documents\tito\projects\simba\backend\venv\Lib\site-packages\django\db\models\query.py", line 1560, in _filter_or_exclude
    clone._filter_or_exclude_inplace(negate, args, kwargs)
  File "C:\Users\HP\Documents\tito\projects\simba\backend\venv\Lib\site-packages\django\db\models\query.py", line 1570, in _filter_or_exclude_inplace
    self._query.add_q(Q(*args, **kwargs))
  File "C:\Users\HP\Documents\tito\projects\simba\backend\venv\Lib\site-packages\django\db\models\sql\query.py", line 1676, in add_q
    clause, _ = self._add_q(q_object, can_reuse)
                ^^^^^^^^^^^^^^^^^^^^^^^^^^^^^^^^
  File "C:\Users\HP\Documents\tito\projects\simba\backend\venv\Lib\site-packages\django\db\models\sql\query.py", line 1708, in _add_q
    child_clause, needed_inner = self.build_filter(
                                 ^^^^^^^^^^^^^^^^^^
  File "C:\Users\HP\Documents\tito\projects\simba\backend\venv\Lib\site-packages\django\db\models\sql\query.py", line 1618, in build_filter
    condition = self.build_lookup(lookups, col, value)
                ^^^^^^^^^^^^^^^^^^^^^^^^^^^^^^^^^^^^^^
  File "C:\Users\HP\Documents\tito\projects\simba\backend\venv\Lib\site-packages\django\db\models\sql\query.py", line 1445, in build_lookup
    lookup = lookup_class(lhs, rhs)
             ^^^^^^^^^^^^^^^^^^^^^^
  File "C:\Users\HP\Documents\tito\projects\simba\backend\venv\Lib\site-packages\django\db\models\lookups.py", line 35, in __init__
    self.rhs = self.get_prep_lookup()
               ^^^^^^^^^^^^^^^^^^^^^^
  File "C:\Users\HP\Documents\tito\projects\simba\backend\venv\Lib\site-packages\django\db\models\fields\related_lookups.py", line 113, in get_prep_lookup
    self.rhs = target_field.get_prep_value(self.rhs)
               ^^^^^^^^^^^^^^^^^^^^^^^^^^^^^^^^^^^^^
  File "C:\Users\HP\Documents\tito\projects\simba\backend\venv\Lib\site-packages\django\db\models\fields\__init__.py", line 2130, in get_prep_value
    raise e.__class__(
TypeError: Field 'id' expected a number but got <django.contrib.auth.models.AnonymousUser object at 0x0000017B34E65940>.
2026-03-26 09:36:33,739 | WARNING | drf_yasg.inspectors.base | view's VaccinationRecordViewSet.get_queryset raised exception during schema generation; use `getattr(self, 'swagger_fake_view', False)` to detect and short-circuit this
Traceback (most recent call last):
  File "C:\Users\HP\Documents\tito\projects\simba\backend\venv\Lib\site-packages\django\db\models\fields\__init__.py", line 2128, in get_prep_value
    return int(value)
           ^^^^^^^^^^
  File "C:\Users\HP\Documents\tito\projects\simba\backend\venv\Lib\site-packages\django\contrib\auth\models.py", line 549, in __int__
    raise TypeError(
TypeError: Cannot cast AnonymousUser to int. Are you trying to use it in place of User?

The above exception was the direct cause of the following exception:

Traceback (most recent call last):
  File "C:\Users\HP\Documents\tito\projects\simba\backend\venv\Lib\site-packages\drf_yasg\inspectors\base.py", line 48, in call_view_method
    return view_method()
           ^^^^^^^^^^^^^
  File "C:\Users\HP\Documents\tito\projects\simba\backend\pets\views.py", line 20, in get_queryset
    return VaccinationRecord.objects.filter(pet__owner=self.request.user)
           ^^^^^^^^^^^^^^^^^^^^^^^^^^^^^^^^^^^^^^^^^^^^^^^^^^^^^^^^^^^^^^
  File "C:\Users\HP\Documents\tito\projects\simba\backend\venv\Lib\site-packages\django\db\models\manager.py", line 87, in manager_method
    return getattr(self.get_queryset(), name)(*args, **kwargs)
           ^^^^^^^^^^^^^^^^^^^^^^^^^^^^^^^^^^^^^^^^^^^^^^^^^^^
  File "C:\Users\HP\Documents\tito\projects\simba\backend\venv\Lib\site-packages\django\db\models\query.py", line 1542, in filter
    return self._filter_or_exclude(False, args, kwargs)
           ^^^^^^^^^^^^^^^^^^^^^^^^^^^^^^^^^^^^^^^^^^^^
  File "C:\Users\HP\Documents\tito\projects\simba\backend\venv\Lib\site-packages\django\db\models\query.py", line 1560, in _filter_or_exclude
    clone._filter_or_exclude_inplace(negate, args, kwargs)
  File "C:\Users\HP\Documents\tito\projects\simba\backend\venv\Lib\site-packages\django\db\models\query.py", line 1570, in _filter_or_exclude_inplace
    self._query.add_q(Q(*args, **kwargs))
  File "C:\Users\HP\Documents\tito\projects\simba\backend\venv\Lib\site-packages\django\db\models\sql\query.py", line 1676, in add_q
    clause, _ = self._add_q(q_object, can_reuse)
                ^^^^^^^^^^^^^^^^^^^^^^^^^^^^^^^^
  File "C:\Users\HP\Documents\tito\projects\simba\backend\venv\Lib\site-packages\django\db\models\sql\query.py", line 1708, in _add_q
    child_clause, needed_inner = self.build_filter(
                                 ^^^^^^^^^^^^^^^^^^
  File "C:\Users\HP\Documents\tito\projects\simba\backend\venv\Lib\site-packages\django\db\models\sql\query.py", line 1618, in build_filter
    condition = self.build_lookup(lookups, col, value)
                ^^^^^^^^^^^^^^^^^^^^^^^^^^^^^^^^^^^^^^
  File "C:\Users\HP\Documents\tito\projects\simba\backend\venv\Lib\site-packages\django\db\models\sql\query.py", line 1445, in build_lookup
    lookup = lookup_class(lhs, rhs)
             ^^^^^^^^^^^^^^^^^^^^^^
  File "C:\Users\HP\Documents\tito\projects\simba\backend\venv\Lib\site-packages\django\db\models\lookups.py", line 35, in __init__
    self.rhs = self.get_prep_lookup()
               ^^^^^^^^^^^^^^^^^^^^^^
  File "C:\Users\HP\Documents\tito\projects\simba\backend\venv\Lib\site-packages\django\db\models\fields\related_lookups.py", line 113, in get_prep_lookup
    self.rhs = target_field.get_prep_value(self.rhs)
               ^^^^^^^^^^^^^^^^^^^^^^^^^^^^^^^^^^^^^
  File "C:\Users\HP\Documents\tito\projects\simba\backend\venv\Lib\site-packages\django\db\models\fields\__init__.py", line 2130, in get_prep_value
    raise e.__class__(
TypeError: Field 'id' expected a number but got <django.contrib.auth.models.AnonymousUser object at 0x0000017B34E65940>.
2026-03-26 09:36:33,742 | WARNING | drf_yasg.inspectors.base | view's UserPlanViewSet.get_queryset raised exception during schema generation; use `getattr(self, 'swagger_fake_view', False)` to detect and short-circuit this
Traceback (most recent call last):
  File "C:\Users\HP\Documents\tito\projects\simba\backend\venv\Lib\site-packages\django\db\models\fields\__init__.py", line 2128, in get_prep_value
    return int(value)
           ^^^^^^^^^^
  File "C:\Users\HP\Documents\tito\projects\simba\backend\venv\Lib\site-packages\django\contrib\auth\models.py", line 549, in __int__
    raise TypeError(
TypeError: Cannot cast AnonymousUser to int. Are you trying to use it in place of User?

The above exception was the direct cause of the following exception:

Traceback (most recent call last):
  File "C:\Users\HP\Documents\tito\projects\simba\backend\venv\Lib\site-packages\drf_yasg\inspectors\base.py", line 48, in call_view_method
    return view_method()
           ^^^^^^^^^^^^^
  File "C:\Users\HP\Documents\tito\projects\simba\backend\core\views.py", line 10, in get_queryset
    return UserPlan.objects.filter(user=self.request.user)
           ^^^^^^^^^^^^^^^^^^^^^^^^^^^^^^^^^^^^^^^^^^^^^^^
  File "C:\Users\HP\Documents\tito\projects\simba\backend\venv\Lib\site-packages\django\db\models\manager.py", line 87, in manager_method
    return getattr(self.get_queryset(), name)(*args, **kwargs)
           ^^^^^^^^^^^^^^^^^^^^^^^^^^^^^^^^^^^^^^^^^^^^^^^^^^^
  File "C:\Users\HP\Documents\tito\projects\simba\backend\venv\Lib\site-packages\django\db\models\query.py", line 1542, in filter
    return self._filter_or_exclude(False, args, kwargs)
           ^^^^^^^^^^^^^^^^^^^^^^^^^^^^^^^^^^^^^^^^^^^^
  File "C:\Users\HP\Documents\tito\projects\simba\backend\venv\Lib\site-packages\django\db\models\query.py", line 1560, in _filter_or_exclude
    clone._filter_or_exclude_inplace(negate, args, kwargs)
  File "C:\Users\HP\Documents\tito\projects\simba\backend\venv\Lib\site-packages\django\db\models\query.py", line 1570, in _filter_or_exclude_inplace
    self._query.add_q(Q(*args, **kwargs))
  File "C:\Users\HP\Documents\tito\projects\simba\backend\venv\Lib\site-packages\django\db\models\sql\query.py", line 1676, in add_q
    clause, _ = self._add_q(q_object, can_reuse)
                ^^^^^^^^^^^^^^^^^^^^^^^^^^^^^^^^
  File "C:\Users\HP\Documents\tito\projects\simba\backend\venv\Lib\site-packages\django\db\models\sql\query.py", line 1708, in _add_q
    child_clause, needed_inner = self.build_filter(
                                 ^^^^^^^^^^^^^^^^^^
  File "C:\Users\HP\Documents\tito\projects\simba\backend\venv\Lib\site-packages\django\db\models\sql\query.py", line 1618, in build_filter
    condition = self.build_lookup(lookups, col, value)
                ^^^^^^^^^^^^^^^^^^^^^^^^^^^^^^^^^^^^^^
  File "C:\Users\HP\Documents\tito\projects\simba\backend\venv\Lib\site-packages\django\db\models\sql\query.py", line 1445, in build_lookup
    lookup = lookup_class(lhs, rhs)
             ^^^^^^^^^^^^^^^^^^^^^^
  File "C:\Users\HP\Documents\tito\projects\simba\backend\venv\Lib\site-packages\django\db\models\lookups.py", line 35, in __init__
    self.rhs = self.get_prep_lookup()
               ^^^^^^^^^^^^^^^^^^^^^^
  File "C:\Users\HP\Documents\tito\projects\simba\backend\venv\Lib\site-packages\django\db\models\fields\related_lookups.py", line 113, in get_prep_lookup
    self.rhs = target_field.get_prep_value(self.rhs)
               ^^^^^^^^^^^^^^^^^^^^^^^^^^^^^^^^^^^^^
  File "C:\Users\HP\Documents\tito\projects\simba\backend\venv\Lib\site-packages\django\db\models\fields\__init__.py", line 2130, in get_prep_value
    raise e.__class__(
TypeError: Field 'id' expected a number but got <django.contrib.auth.models.AnonymousUser object at 0x0000017B34E65940>.
2026-03-26 09:36:33,812 | WARNING | drf_yasg.inspectors.base | view's ForgotPasswordViewset.get_serializer raised exception during schema generation; use `getattr(self, 'swagger_fake_view', False)` to detect and short-circuit this
Traceback (most recent call last):
  File "C:\Users\HP\Documents\tito\projects\simba\backend\venv\Lib\site-packages\drf_yasg\inspectors\base.py", line 48, in call_view_method
    return view_method()
           ^^^^^^^^^^^^^
  File "C:\Users\HP\Documents\tito\projects\simba\backend\venv\Lib\site-packages\rest_framework\generics.py", line 112, in get_serializer
    serializer_class = self.get_serializer_class()
                       ^^^^^^^^^^^^^^^^^^^^^^^^^^^
  File "C:\Users\HP\Documents\tito\projects\simba\backend\venv\Lib\site-packages\rest_framework\generics.py", line 126, in get_serializer_class
    assert self.serializer_class is not None, (
AssertionError: 'ForgotPasswordViewset' should either include a `serializer_class` attribute, or override the `get_serializer_class()` method.
2026-03-26 09:36:33,820 | WARNING | drf_yasg.inspectors.base | view's ForgotPasswordViewset.get_serializer raised exception during schema generation; use `getattr(self, 'swagger_fake_view', False)` to detect and short-circuit this
Traceback (most recent call last):
  File "C:\Users\HP\Documents\tito\projects\simba\backend\venv\Lib\site-packages\drf_yasg\inspectors\base.py", line 48, in call_view_method
    return view_method()
           ^^^^^^^^^^^^^
  File "C:\Users\HP\Documents\tito\projects\simba\backend\venv\Lib\site-packages\rest_framework\generics.py", line 112, in get_serializer
    serializer_class = self.get_serializer_class()
                       ^^^^^^^^^^^^^^^^^^^^^^^^^^^
  File "C:\Users\HP\Documents\tito\projects\simba\backend\venv\Lib\site-packages\rest_framework\generics.py", line 126, in get_serializer_class
    assert self.serializer_class is not None, (
AssertionError: 'ForgotPasswordViewset' should either include a `serializer_class` attribute, or override the `get_serializer_class()` method.
2026-03-26 09:36:33,832 | WARNING | drf_yasg.inspectors.base | view's LogoutViewSet.get_serializer raised exception during schema generation; use `getattr(self, 'swagger_fake_view', False)` to detect and short-circuit this
Traceback (most recent call last):
  File "C:\Users\HP\Documents\tito\projects\simba\backend\venv\Lib\site-packages\drf_yasg\inspectors\base.py", line 48, in call_view_method
    return view_method()
           ^^^^^^^^^^^^^
  File "C:\Users\HP\Documents\tito\projects\simba\backend\venv\Lib\site-packages\rest_framework\generics.py", line 112, in get_serializer
    serializer_class = self.get_serializer_class()
                       ^^^^^^^^^^^^^^^^^^^^^^^^^^^
  File "C:\Users\HP\Documents\tito\projects\simba\backend\venv\Lib\site-packages\rest_framework\generics.py", line 126, in get_serializer_class
    assert self.serializer_class is not None, (
AssertionError: 'LogoutViewSet' should either include a `serializer_class` attribute, or override the `get_serializer_class()` method.
2026-03-26 09:36:33,832 | WARNING | drf_yasg.inspectors.base | view's LogoutViewSet.get_serializer raised exception during schema generation; use `getattr(self, 'swagger_fake_view', False)` to detect and short-circuit this
Traceback (most recent call last):
  File "C:\Users\HP\Documents\tito\projects\simba\backend\venv\Lib\site-packages\drf_yasg\inspectors\base.py", line 48, in call_view_method
    return view_method()
           ^^^^^^^^^^^^^
  File "C:\Users\HP\Documents\tito\projects\simba\backend\venv\Lib\site-packages\rest_framework\generics.py", line 112, in get_serializer
    serializer_class = self.get_serializer_class()
                       ^^^^^^^^^^^^^^^^^^^^^^^^^^^
  File "C:\Users\HP\Documents\tito\projects\simba\backend\venv\Lib\site-packages\rest_framework\generics.py", line 126, in get_serializer_class
    assert self.serializer_class is not None, (
AssertionError: 'LogoutViewSet' should either include a `serializer_class` attribute, or override the `get_serializer_class()` method.
2026-03-26 09:40:53,889 | INFO | django.utils.autoreload | C:\Users\HP\Documents\tito\projects\simba\backend\users\views.py changed, reloading.
2026-03-26 09:41:01,856 | INFO | django.utils.autoreload | Watching for file changes with StatReloader
2026-03-26 09:45:02,653 | INFO | django.utils.autoreload | C:\Users\HP\Documents\tito\projects\simba\backend\users\views.py changed, reloading.
2026-03-26 09:45:08,047 | INFO | django.utils.autoreload | Watching for file changes with StatReloader
